Molecule ChEMBL ID,Smiles,Standard Value,AlogP,Molecular Weight,class,MW,LogP,NumHDonors,NumHAcceptors
CHEMBL276690,O=P(O)(O)C(Cc1cccc2c1OCO2)N[C@@H](Cc1ccc(-c2ccccc2)cc1)c1nnn[nH]1,9.154901959985743,3.22,493.46,active,493.46000000000015,3.215300000000001,4.0,7.0
CHEMBL431691,CC(O)C(NC(=O)C(Cc1ccccc1)CP(=O)(O)[C@H](Cc1ccccc1)NC(=O)OCc1ccccc1)C(=O)O,5.0,3.56,582.59,inactive,582.5900000000004,3.5611000000000006,5.0,6.0
CHEMBL212001,CCc1nnc(NC(=O)C2(CCC(=O)O)CCCC2)s1,6.6252516539898965,2.46,297.38,active,297.37999999999994,2.4642,2.0,5.0
CHEMBL27842,NC(=O)CC(NC(=O)C(Cc1ccccc1)CP(=O)(O)[C@H](Cc1ccccc1)NC(=O)OCc1ccccc1)C(=O)O,5.0,3.06,595.59,inactive,595.5890000000004,3.0557000000000007,5.0,6.0
CHEMBL273898,CC(C)CC(NC(=O)C(CS)C(C)c1ccccc1)C(=O)O,8.455931955649724,2.95,323.46,active,323.458,2.951600000000001,3.0,3.0
CHEMBL39714,O=C(NCCc1ccc(-c2ccccc2)cc1)[C@H](CC#Cc1ccccc1F)NCP(=O)(O)O,5.187086643357144,3.69,480.48,inactive,480.47600000000017,3.686600000000003,4.0,3.0
CHEMBL150222,O=C1N[C@H](C(=O)O)CCCCc2ccccc2C[C@@H]1CS,9.045757490560675,2.07,307.42,active,307.41499999999996,2.0708999999999995,3.0,3.0
CHEMBL378763,CCC[C@H](CC1(C(=O)Nc2nnc(CC)s2)CCCC1)C(=O)O,7.723538195826756,3.49,339.46,active,339.4610000000001,3.490400000000002,2.0,5.0
CHEMBL93785,COc1ccccc1C[C@H](NCP(=O)(O)O)C(=O)N[C@@H](Cc1ccc(-c2ccccc2)cc1)C(=O)O,6.0,2.81,512.5,active,512.4990000000003,2.8102,5.0,5.0
CHEMBL10251,O=P(O)(O)C(Cc1cccc2ccccc12)N[C@@H](Cc1ccc(-c2ccccc2)cc1)c1nnn[nH]1,8.318758762624412,4.64,499.51,active,499.5110000000002,4.639800000000004,4.0,5.0
CHEMBL273724,CC(c1ccc(F)cc1)C(CS)C(=O)NC(Cc1ccc(O)cc1)C(=O)O,8.229147988357855,2.99,391.46,active,391.4640000000001,2.9929000000000006,4.0,4.0
CHEMBL89563,CC(C)[C@H](NCP(=O)(O)O)C(=O)N[C@@H](Cc1ccc(-c2ccccc2)cc1)C(=O)O,8.522878745280337,2.21,434.43,active,434.42900000000014,2.2149,5.0,4.0
CHEMBL93167,CC(C)[C@H](NCP(=O)(O)O)C(=O)N[C@@H](Cc1ccc(C2CCCCC2)cc1)C(=O)O,7.455931955649724,2.6,440.48,active,440.4770000000003,2.5956,5.0,4.0
CHEMBL11537,CCCCC(NC(=O)C(CS)C(C)c1ccccc1)C(=O)O,8.508638306165727,3.1,323.46,active,323.458,3.095700000000001,3.0,3.0
CHEMBL11806,COc1ccc(C(C)C(CS)C(=O)NC(Cc2ccc(O)cc2)C(=O)O)cc1OC,7.795880017344075,2.87,433.53,active,433.5260000000001,2.8710000000000004,4.0,6.0
CHEMBL268473,O=P(O)(O)C(Cc1ccc2c(c1)OCO2)N[C@@H](Cc1ccc(-c2ccccc2)cc1)c1nnn[nH]1,9.221848749616356,3.22,493.46,active,493.46000000000015,3.2153,4.0,7.0
CHEMBL287896,C[C@H](NC(=O)[C@@H](S)Cc1ccccc1)C(=O)N1CCC[C@H]1C(=O)O,6.3979400086720375,1.11,350.44,active,350.44000000000017,1.1078,3.0,4.0
CHEMBL442455,CC(C)CN(CP(=O)(O)O)C(=O)N[C@@H](Cc1ccc2ccccc2c1)C(=O)O,8.698970004336019,2.64,408.39,active,408.39100000000013,2.6383,4.0,3.0
CHEMBL281237,O=C(N[C@@H](Cc1ccccc1)P(=O)(O)CC(Cc1ccccc1)C(=O)NC(Cc1c[nH]c2ccccc12)C(=O)O)OCc1ccccc1,5.853871964321762,5.9,667.7,inactive,667.6990000000002,5.9043000000000045,5.0,5.0
CHEMBL424877,CCCC(CC1(NC(=O)c2ccc(=O)n(Cc3ccccc3)c2)CCCC1)C(=O)O,5.522878745280337,3.83,410.51,inactive,410.51400000000024,3.8302000000000023,2.0,4.0
CHEMBL48534,CC(S)(Cc1ccccc1)C(=O)N[C@H]1CCc2ccccc2N(CC(=O)O)C1=O,5.698970004336019,2.47,412.51,inactive,412.51100000000014,2.4664,3.0,4.0
CHEMBL11344,COc1cc(C(C)C(CS)C(=O)NC(Cc2ccc(O)cc2)C(=O)O)ccc1O,7.187086643357144,2.57,419.5,active,419.49900000000014,2.568,5.0,6.0
CHEMBL24923,CC(C)[C@@H](NC(=O)C(Cc1ccccc1)CP(=O)(O)[C@H](Cc1ccccc1)NC(=O)OCc1ccccc1)C(=O)O,4.221848749616356,4.84,580.62,inactive,580.6180000000003,4.836300000000004,4.0,5.0
CHEMBL211610,CCCC(CC1(C(=O)NCCc2ccc(Cl)cc2)CCCC1)C(=O)O,5.698970004336019,4.45,365.9,inactive,365.9010000000002,4.4501000000000035,2.0,2.0
CHEMBL389061,COCC[C@H](CC1(C(=O)N[C@@H]2C[C@H]2c2ccc(OC)cc2)CCCC1)C(=O)O,7.860120913598763,3.36,389.49,active,389.49200000000025,3.355100000000002,2.0,4.0
CHEMBL1794047,C[C@H](O)[C@@H](NC(=O)C(Cc1ccccc1)CP(=O)(O)[C@H](Cc1ccccc1)NC(=O)OCc1ccccc1)C(=O)O,4.301029995663981,3.56,582.59,inactive,582.5900000000004,3.5611000000000006,5.0,6.0
CHEMBL3633447,N=C(N)NCCC[C@H](NC(=O)[C@@H](CO)NC(=O)[C@H](Cc1ccccc1)NC(=O)[C@H](CCCNC(=N)N)NC(=O)[C@@H](N)CCC(N)=O)C(=O)O,4.0,-4.64,692.78,inactive,692.779,-4.635460000000007,14.0,10.0
CHEMBL446393,O=C(O)CN1C(=O)[C@@H](NC(=O)[C@H](CC#Cc2ccc(F)cc2F)NCP(=O)(O)O)CCc2ccccc21,6.136677139879544,1.35,535.44,active,535.4400000000002,1.3486,5.0,5.0
CHEMBL11616,CC(c1ccccc1)C(CS)C(=O)NC(Cc1ccc(O)cc1)C(=O)O,8.602059991327963,2.85,373.47,active,373.47400000000005,2.8538000000000006,4.0,4.0
CHEMBL2051773,CC(c1ccccc1)C(CS)C(=O)N[C@@H](C)C(=O)O,8.698970004336019,1.93,281.38,active,281.377,1.9253999999999996,3.0,3.0
CHEMBL276872,O=P(O)(O)C(Cc1ccccc1)N[C@@H](Cc1ccc(-c2ccccc2)cc1)c1nnn[nH]1,9.130768280269024,3.49,449.45,active,449.45100000000014,3.486600000000001,4.0,5.0
CHEMBL11620,CC(NC(=O)C(CS)C(C)c1ccc2c(c1)OCO2)C(=O)O,8.698970004336019,1.65,325.39,active,325.3860000000001,1.6540999999999997,3.0,5.0
CHEMBL276008,CC(NC(=O)C(CS)C(C)c1ccc(F)c(F)c1)C(=O)O,8.455931955649724,2.2,317.36,active,317.357,2.2036,3.0,3.0
CHEMBL37527,CCCCC(C[C@@H](Cc1ccc(-c2ccccc2)cc1)C(=O)Nc1nc(CC(=O)O)cs1)C(=O)O,8.0,5.52,494.61,active,494.6130000000003,5.515700000000004,3.0,5.0
CHEMBL298388,O=C(O)CN1C(=O)[C@@H](NC(=O)[C@@H](S)Cc2ccccc2)CSc2ccccc21,7.1938200260161125,2.24,416.52,active,416.5240000000001,2.2358000000000002,3.0,5.0
CHEMBL304881,CN1C(=O)CC[C@H](NC(=O)[C@@H](S)Cc2ccccc2)C(=O)N1CC(=O)O,7.259637310505756,0.09,379.44,active,379.43800000000016,0.09270000000000017,3.0,5.0
CHEMBL3235416,CNC(=O)[C@H](Cc1c[nH]cn1)NC(=O)CN(CCCc1ccccc1)CC(=O)O,4.0,0.2,401.47,inactive,401.46700000000016,0.20240000000000097,4.0,5.0
CHEMBL212065,CCCC(CC1(C(=O)NC2(CO)CCCC2)CCCC1)C(=O)O,5.767003889607846,2.86,325.45,inactive,325.449,2.8591000000000006,3.0,3.0
CHEMBL212220,CCCCC(CC1(C(=O)Nc2nnc(CC)s2)CCCC1)C(=O)O,7.075720713938118,3.88,353.49,active,353.48800000000017,3.8805000000000023,2.0,5.0
CHEMBL377041,CCCC(CC1(C(=O)N[C@@H]2CCN(Cc3ccccc3)C2)CCCC1)C(=O)O,5.97469413473523,3.83,386.54,inactive,386.53600000000023,3.8285000000000027,2.0,3.0
CHEMBL211652,CCCCc1ccnc(NC(=O)C2(CC(CCC)C(=O)O)CCCC2)c1,6.735182176990463,4.81,360.5,active,360.49800000000016,4.814100000000004,2.0,3.0
CHEMBL35260,O=C(O)Cc1nnc(NC(=O)[C@H](Cc2ccc(-c3ccccc3)cc2)CC(COc2ccccc2)C(=O)O)s1,7.036212172654444,4.8,545.62,active,545.6170000000003,4.799500000000004,3.0,7.0
CHEMBL313419,CCCC[C@H](NCP(=O)(O)O)C(=O)N[C@@H](Cc1ccc(-c2ccccc2)cc1)C(=O)O,7.431798275933005,2.75,448.46,active,448.45600000000013,2.7491000000000003,5.0,4.0
CHEMBL329530,C[C@H](c1ccccc1)[C@H](NCP(=O)(O)O)C(=O)N[C@@H](Cc1ccc(-c2ccccc2)cc1)C(=O)O,7.327902142064283,3.36,496.5,active,496.50000000000017,3.3626000000000014,5.0,4.0
CHEMBL92632,CC(C)[C@H](N[C@@H](C)C(=O)O)C(=O)N[C@@H](Cc1ccc(-c2ccccc2)cc1)C(=O)O,6.133712660915805,2.55,412.49,active,412.4860000000001,2.5527999999999995,4.0,4.0
CHEMBL273489,O=P(O)(O)C(Cc1ccc2c(c1)OCO2)N[C@H](Cc1ccc(-c2ccccc2)cc1)c1nnn[nH]1,8.602059991327963,3.22,493.46,active,493.46000000000015,3.2153,4.0,7.0
CHEMBL212105,CCCC(CC1(C(=O)NC2CCCC(C(=O)N(C)C)C2)CCCC1)C(=O)O,6.527243550682788,3.2,380.53,active,380.5290000000002,3.2010000000000014,2.0,3.0
CHEMBL271718,O=C(O)[C@H](Cc1ccc2ccccc2c1)NC(=O)N(CCN1C(=O)c2cccc3cccc(c23)C1=O)C[C@H](O)C(=O)O,6.187086643357144,2.74,569.57,active,569.5700000000005,2.7420000000000013,4.0,6.0
CHEMBL3703484,C[C@H](C[C@@H](Cc1ccc(-c2cccc(Cl)c2)cc1)NC(=O)CCC(=O)O)C(=O)O,9.522878745280337,4.01,417.89,active,417.88900000000024,4.009900000000001,3.0,3.0
CHEMBL3676150,O=C(O)CCC(=O)N[C@@H](CC(=O)O)Cc1ccc(-c2cccc(Cl)c2)cc1,8.823908740944319,3.37,389.83,active,389.83500000000004,3.373800000000002,3.0,3.0
CHEMBL4518426,CCc1cccc(-c2ccc(C[C@H](CC(=O)O)NC(=O)CCC(=O)O)cc2)c1,8.267606240177031,3.28,383.44,active,383.44400000000013,3.2828000000000017,3.0,3.0
CHEMBL46081,O=C(O)CCC(=O)N[C@@H](CCC(=O)O)Cc1ccc(-c2ccccc2)cc1,6.259637310505756,3.11,369.42,active,369.41700000000003,3.110500000000002,3.0,3.0
CHEMBL4466321,N#Cc1cccc(-c2ccc(C[C@H](CC(=O)O)NC(=O)CCC(=O)O)cc2)c1,8.161150909262744,2.59,380.4,active,380.4000000000001,2.59208,3.0,4.0
CHEMBL4443138,CC(C[C@@H](Cc1ccc(-c2cccc(Cl)c2)cc1)NC(=O)CCC(=O)O)C(=O)O,9.096910013008056,4.01,417.89,active,417.88900000000024,4.009900000000001,3.0,3.0
CHEMBL92949,CC(C)[C@H](NCP(=O)(O)O)C(=O)N[C@@H](Cc1c[nH]c2ccccc12)C(=O)O,8.045757490560675,1.03,397.37,active,397.3680000000001,1.0291999999999997,6.0,4.0
CHEMBL479579,CC(C)C[C@H](NP(=O)(O)O[C@@H]1O[C@@H](C)[C@H](O)[C@@H](O)[C@H]1O)C(=O)N[C@@H](Cc1c[nH]c2ccccc12)C(=O)O,7.522878745280337,0.23,543.51,active,543.5100000000002,0.22860000000000186,8.0,8.0
CHEMBL212377,CCCC(CC1(C(=O)Nc2nnc(CC3CC3)s2)CCCC1)C(=O)O,7.42021640338319,3.88,365.5,active,365.4990000000002,3.8805000000000023,2.0,5.0
CHEMBL149367,O=C1N[C@@H](C(=O)O)Cc2ccccc2CCCCCC[C@@H]1CS,6.866461091629782,2.85,335.47,active,335.46900000000005,2.851100000000001,3.0,3.0
CHEMBL28215,N=C(N)NCCC[C@@H](NC(=O)C(Cc1ccccc1)CP(=O)(O)[C@H](Cc1ccccc1)NC(=O)OCc1ccccc1)C(=O)O,4.221848749616356,3.44,637.67,inactive,637.6740000000002,3.443570000000002,7.0,6.0
CHEMBL99132,O=C(CS)NC1CCc2cccc3c2N(C1=O)[C@H](C(=O)O)C3,6.0,0.39,320.37,active,320.37000000000006,0.38969999999999966,3.0,4.0
CHEMBL329136,O=C(O)[C@H](Cc1ccc(-c2ccccc2)cc1)NC(=O)[C@H](Cc1ccccc1O)NCP(=O)(O)O,6.0,2.51,498.47,active,498.4720000000002,2.507200000000001,6.0,5.0
CHEMBL3633451,N=C(N)NCCC[C@H](NC(=O)[C@H](CO)NC(=O)[C@H](Cc1ccccc1)NC(=O)[C@H](CCCNC(N)=O)NC(=O)[C@@H](N)CCC(N)=O)C(=O)O,4.045757490560675,-4.45,693.76,inactive,693.763,-4.450230000000007,13.0,10.0
CHEMBL1778529,CCC[C@H](NC1(C(=O)N[C@@H](Cc2nc(-c3ccccc3)co2)C(=O)O)CCCC1)C(=O)O,8.154901959985743,2.61,443.5,active,443.5000000000003,2.6091999999999995,4.0,6.0
CHEMBL27110,CC(C)CC(NC(=O)C(Cc1ccccc1)CP(=O)(O)[C@H](Cc1ccccc1)NC(=O)OCc1ccccc1)C(=O)O,5.3979400086720375,5.23,594.65,inactive,594.6450000000003,5.226400000000004,4.0,5.0
CHEMBL377037,CCCC(CC1(C(=O)NC2(CO)Cc3ccccc3C2)CCCC1)C(=O)O,7.017728766960431,3.08,373.49,active,373.4930000000003,3.0839000000000008,3.0,3.0
CHEMBL289556,O=C(N[C@H]1CCS[C@H]2CCC[C@@H](C(=O)O)N2C1=O)[C@@H](S)Cc1ccccc1,9.700057099977233,1.94,408.55,active,408.5450000000001,1.9409999999999996,3.0,5.0
CHEMBL4453362,CCCCc1nc(Cl)c(CNC(=O)C(CS)C(C)C)n1Cc1ccc(-c2ccccc2C(=O)O)cc1,5.59999938302362,6.11,528.12,inactive,528.1180000000003,6.110800000000006,3.0,5.0
CHEMBL4547120,CCCCc1nc(C2CC2)c(CNC(=O)[C@@H](S)CC(C)C)n1Cc1ccc(-c2ccccc2C(=O)O)cc1,9.0,6.48,533.74,active,533.7380000000004,6.477300000000007,3.0,5.0
CHEMBL4588688,CCOc1nc(CC)c(CNC(=O)[C@@H](CS)CC(C)C)n1Cc1ccc(-c2ccccc2C(=O)O)cc1F,7.79997073344623,5.61,541.69,active,541.6890000000003,5.6051000000000055,3.0,6.0
CHEMBL24919,CCC(C)C(NC(=O)C(Cc1ccccc1)CP(=O)(O)[C@H](Cc1ccccc1)NC(=O)OCc1ccccc1)C(=O)O,5.920818753952375,5.23,594.65,inactive,594.6450000000003,5.226400000000004,4.0,5.0
CHEMBL27868,NC(=O)CCC(NC(=O)C(Cc1ccccc1)CP(=O)(O)[C@H](Cc1ccccc1)NC(=O)OCc1ccccc1)C(=O)O,4.0,3.45,609.62,inactive,609.6160000000003,3.4458,5.0,6.0
CHEMBL214160,CCCC(CC1(C(=O)Nc2nncs2)CCCC1)C(=O)O,6.423658649794207,2.93,311.41,active,311.40700000000004,2.928000000000001,2.0,5.0
CHEMBL213861,CCCC(CC1(C(=O)N[C@@H]2CC[C@H](C(N)=O)C2)CCCC1)C(=O)O,6.671620396561262,2.21,338.45,active,338.4480000000001,2.2079999999999993,3.0,3.0
CHEMBL431210,CCCC[C@H](CN(O)C=O)C(=O)N[C@H](C(=O)N(C)C)C(C)(C)C,4.301029995663981,1.26,329.44,inactive,329.4410000000001,1.2595,2.0,4.0
CHEMBL256895,O=C(O)[C@H](Cc1ccc2ccccc2c1)NC(=O)N(Cc1ccc2c(c1)Cc1ccccc1-2)C[C@H](O)C(=O)O,4.721246399047171,4.06,524.57,inactive,524.5730000000004,4.064000000000002,4.0,4.0
CHEMBL270576,CC(C)CN(C[C@H](O)C(=O)O)C(=O)N[C@@H](Cc1ccc(O)cc1)C(=O)O,8.221848749616356,0.5,368.39,active,368.3860000000001,0.5010000000000001,5.0,5.0
CHEMBL409720,CC(C)CN(C[C@H](O)C(=O)O)C(=O)N[C@@H](Cc1ccc(-c2ccccc2)cc1)C(=O)O,8.0,2.46,428.49,active,428.4850000000001,2.4624000000000006,4.0,4.0
CHEMBL43370,CS(=O)(=O)N[C@@H](CCCCN)C(=O)N[C@@H](Cc1ccccc1)P(=O)(O)CC1(C(=O)N[C@@H](Cc2c[nH]c3ccccc23)C(=O)O)CCCC1,7.045757490560675,2.84,703.8,active,703.799,2.842400000000004,7.0,7.0
CHEMBL98876,CC(C)[C@H](S)C(=O)NC1CCc2cccc3c2N(C1=O)[C@H](C(=O)O)C3,6.026872146400302,1.41,362.45,active,362.45100000000014,1.4142999999999997,3.0,4.0
CHEMBL213404,CCCC(CC1(C(=O)N[C@@H]2CCCC[C@@H]2Cc2ccccc2)CCCC1)C(=O)O,6.709965388637482,5.36,399.58,active,399.57500000000016,5.355500000000005,2.0,2.0
CHEMBL318192,O=C(NC1CCc2cccc3c2N(C1=O)[C@H](C(=O)O)C3)[C@H](S)Cc1ccccc1,7.080921907623926,2.0,410.5,active,410.4950000000001,2.001,3.0,4.0
CHEMBL416234,O=C(NCCc1ccc(Br)cc1)[C@H](CC#Cc1ccc(F)cc1F)NCP(=O)(O)O,6.0655015487564325,2.92,501.26,active,501.2640000000001,2.9212000000000016,4.0,3.0
CHEMBL50559,C[C@@H]1Oc2ccccc2N(CC(=O)O)C(=O)[C@H]1NC(=O)[C@@H](S)Cc1ccccc1,8.2839966563652,1.91,414.48,active,414.48300000000006,1.9109999999999998,3.0,5.0
CHEMBL94173,CC[C@H](C)C(N[C@@H](C)C(=O)O)C(=O)N[C@@H](Cc1ccc(-c2ccccc2)cc1)C(=O)O,6.782516055786093,2.94,426.51,active,426.5130000000001,2.9429000000000016,4.0,4.0
CHEMBL148140,O=C1N[C@@H](C(=O)O)Cc2ccccc2CCCCC[C@@H]1CS,7.00436480540245,2.46,321.44,active,321.442,2.461,3.0,3.0
CHEMBL211529,CCCC(CC1(C(=O)N[C@@H]2CCCC[C@@H]2CCC)CCCC1)C(=O)O,6.050609993355087,4.91,351.53,active,351.5310000000001,4.912900000000004,2.0,2.0
CHEMBL386053,CCCC(CC1(C(=O)NCc2ccc3c(c2)OCO3)CCCC1)C(=O)O,5.823908740944319,3.48,361.44,inactive,361.4380000000002,3.4829000000000017,2.0,4.0
CHEMBL34884,O=C(O)CNC(=O)[C@H](Cc1ccc(-c2ccccc2)cc1)C[C@@H](COc1ccccc1)C(=O)O,8.494850021680094,3.88,461.51,active,461.51400000000024,3.8830000000000027,3.0,4.0
CHEMBL93816,CC(C)(S)C(=O)NC1CCc2cccc3c2N(C1=O)[C@H](C(=O)O)C3,6.0,1.17,348.42,active,348.4240000000001,1.1682999999999997,3.0,4.0
CHEMBL1778533,COCC[C@H](NC1(C(=O)N[C@@H](Cc2nc(C)c(-c3ccccc3)o2)C(=O)O)CCCC1)C(=O)O,8.301029995663981,2.15,473.53,active,473.5260000000003,2.1540199999999996,4.0,7.0
CHEMBL273216,O=C(O)[C@H](Cc1ccc(-c2ccccc2)cc1)NCP(=O)(O)O,4.823908740944319,2.07,335.3,inactive,335.29600000000005,2.0741000000000005,4.0,3.0
CHEMBL63001,CN1CCC[C@H](NC(=O)[C@@H](S)Cc2ccccc2)C(=O)N1CC(=O)O,6.315154638355588,0.57,365.46,active,365.45500000000015,0.5660999999999994,3.0,5.0
CHEMBL213281,CCc1nnc(NC(=O)C2(CC(CCC(C)C)C(=O)O)CCCC2)s1,6.920818753952375,4.13,367.52,active,367.51500000000016,4.126500000000003,2.0,5.0
CHEMBL3695448,CCOC(=O)[C@H](C)N[C@@H](Cc1ccc(-c2cccc(Cl)c2)cc1)C(=O)Nc1nnn[nH]1,10.045757490560675,2.61,442.91,active,442.9070000000001,2.6110999999999995,3.0,7.0
CHEMBL3695449,C[C@H](N[C@@H](Cc1ccc(-c2cc(Cl)ccc2Cl)cc1)C(=O)Nc1nnn[nH]1)C(=O)OC(C)(C)C,9.522878745280337,4.04,505.41,active,505.40600000000023,4.043100000000002,3.0,7.0
CHEMBL3695452,C[C@H](N[C@@H](Cc1ccc(-c2cccc(Cl)c2)cc1)C(=O)NC1=NNNN1C)C(=O)O,7.040958607678906,1.32,430.9,active,430.89600000000013,1.3225999999999993,5.0,7.0
CHEMBL377431,CCCC(CC1(C(=O)N[C@H](CO)Cc2ccccc2)CCCC1)C(=O)O,6.4156687756324695,3.16,361.48,active,361.4820000000002,3.1576000000000013,3.0,3.0
CHEMBL377415,CCCC(CC1(C(=O)Nc2cccc(CC)n2)CCCC1)C(=O)O,5.698970004336019,4.03,332.44,inactive,332.44400000000013,4.033900000000003,2.0,3.0
CHEMBL2024270,N=C(N)NCCC[C@H](NC(=O)[C@H](CO)NC(=O)[C@H](Cc1ccc(C(=O)c2ccccc2)cc1)NC(=O)[C@H](CCCNC(=N)N)NC(=O)[C@@H](N)CCC(N)=O)C(=O)O,4.0,-3.4,796.89,inactive,796.8869999999996,-3.404460000000002,14.0,11.0
CHEMBL272575,O=C(O)[C@H](Cc1ccc(O)cc1)NC(=O)N(CC1CCCC1)C[C@H](O)C(=O)O,7.045757490560675,1.04,394.42,active,394.42400000000026,1.0352,5.0,5.0
CHEMBL1778528,CCC[C@H](NC1(C(=O)N[C@@H](Cc2nc(CC(C)C)co2)C(=O)O)CCCC1)C(=O)O,7.698970004336019,2.14,423.51,active,423.5100000000003,2.1406999999999994,4.0,6.0
CHEMBL1778531,COCC[C@H](NC1(C(=O)N[C@@H](Cc2nc(-c3ccccc3)co2)C(=O)O)CCCC1)C(=O)O,8.318758762624412,1.85,459.5,active,459.4990000000003,1.8455999999999995,4.0,7.0
CHEMBL225085,COCC[C@H](CC1(C(=O)NCCCc2ccc(Cl)cc2)CCCC1)C(=O)O,7.978810700930062,4.08,395.93,active,395.9270000000002,4.0766000000000036,2.0,3.0
CHEMBL275980,CC(C)C(NC(=O)C(CS)C(C)c1ccccc1)C(=O)O,7.823908740944319,2.56,309.43,active,309.43100000000004,2.5615000000000006,3.0,3.0
CHEMBL299875,CCCC[C@H](S)C(=O)N[C@H]1CCc2ccccc2N(CC(=O)O)C1=O,7.443697499232712,2.02,364.47,active,364.46700000000016,2.0237999999999996,3.0,4.0
CHEMBL442337,CC(C)C[C@@H](NC(=O)C(CS)Cc1ccccc1)C(=O)O,8.346787486224656,2.39,309.43,active,309.43100000000004,2.3906,3.0,3.0
CHEMBL2022236,N=C(N)NCCC[C@H](NC(=O)[C@H](CO)NC(=O)[C@H](Cc1ccc(I)cc1)NC(=O)[C@H](CCCNC(=N)N)NC(=O)[C@@H](N)CCC(N)=O)C(=O)O,4.0,-4.03,818.68,inactive,818.6749999999995,-4.030860000000005,14.0,10.0
CHEMBL3677668,C[C@H](C[C@@H](Cc1ccc(-c2ccccc2)cc1)NC(=O)N1CCC[C@H]1C(=O)O)C(=O)O,6.346787486224656,3.63,424.5,active,424.4970000000003,3.634100000000001,3.0,3.0
CHEMBL3695453,O=C(O)[C@H](CCc1ccccc1)N[C@@H](Cc1ccc(-c2cccc(Cl)c2)cc1)C(=O)NC1=NNNN1,9.698970004336019,2.59,506.99,active,506.9940000000001,2.5932999999999997,6.0,7.0
CHEMBL3695454,CC[C@H](N[C@@H](Cc1ccc(-c2cccc(Cl)c2)cc1)C(=O)NC1=NNNN1)C(=O)O,9.698970004336019,1.37,430.9,active,430.8960000000001,1.3704999999999994,6.0,7.0
CHEMBL439508,CCCC(CC1(C(=O)N[C@H]2CC[C@@H](C(N)=O)CC2)CCCC1)C(=O)O,6.823908740944319,2.6,352.48,active,352.47500000000014,2.5980999999999996,3.0,3.0
CHEMBL2022225,N=C(N)NCCC[C@H](NC(=O)[C@H](CO)NC(=O)[C@H](Cc1ccccc1)NC(=O)[C@H](CCCNC(=N)N)NC(=O)[C@@H](N)CCC(N)=O)C(=O)O,4.522878745280337,-4.64,692.78,inactive,692.779,-4.635460000000007,14.0,10.0
CHEMBL16779,O=C(O)CNC(=O)C(CC(=O)NO)Cc1ccccc1,8.853871964321762,-0.06,280.28,active,280.28,-0.05839999999999956,4.0,4.0
CHEMBL39384,O=P(O)(O)CN[C@@H](CC#Cc1ccccc1)c1nn[nH]n1,6.769551078621726,0.41,307.25,active,307.25,0.4073999999999996,4.0,5.0
CHEMBL194651,CCCc1cnc(N2C[C@H](S)CC2CNCc2cc(F)ccc2F)nc1,4.0,3.37,378.49,inactive,378.492,3.374200000000002,2.0,5.0
CHEMBL487941,O=C(Cc1ccc2nccnc2c1)N1CCCC1,4.301029995663981,1.79,241.29,inactive,241.29399999999995,1.7947,0.0,3.0
CHEMBL3677662,Cc1nc2ccc(CCCC(=O)N[C@H](Cc3ccc(-c4ccccc4)cc3)C[C@@H](C)C(=O)O)cc2s1,6.6020599913279625,6.43,500.66,active,500.66400000000016,6.432720000000005,2.0,4.0
CHEMBL3677667,C[C@H](C[C@@H](Cc1ccc(-c2ccccc2)cc1)NC(=O)c1cc(=O)cc(C(=O)O)o1)C(=O)O,6.455931955649724,3.46,449.46,active,449.4590000000003,3.4569,3.0,5.0
CHEMBL372307,O=C(N[C@H]1CCCSC2CCC[C@@H](C(=O)O)N21)[C@@H](S)Cc1ccccc1,8.096910013008056,2.76,394.56,active,394.56200000000007,2.7620000000000005,3.0,5.0
CHEMBL433702,O=C1N[C@H](C(=O)O)Cc2ccccc2CCCCCCC[C@@H]1CS,6.045757490560675,3.24,349.5,active,349.4960000000001,3.2412000000000014,3.0,3.0
CHEMBL211596,CCCC(CC1(C(=O)Nc2ccccn2)CCCC1)C(=O)O,5.823908740944319,3.47,304.39,inactive,304.39000000000004,3.4715000000000016,2.0,3.0
CHEMBL376425,CCCC(CC1(C(=O)NC2Cc3ccccc3C2)CCCC1)C(=O)O,6.504455662453552,3.72,343.47,active,343.46700000000016,3.721400000000002,2.0,2.0
CHEMBL211500,CCC[C@@H](CC1(C(=O)Nc2nnc(CC)s2)CCCC1)C(=O)O,6.534617148551582,3.49,339.46,active,339.4610000000001,3.490400000000002,2.0,5.0
CHEMBL212526,CCC[C@H](CC1(C(=O)NC2(CO)Cc3ccccc3C2)CCCC1)C(=O)O,7.958607314841775,3.08,373.49,active,373.4930000000003,3.0839000000000008,3.0,3.0
CHEMBL1778536,COCC[C@H](NC1(C(=O)N[C@@H](Cc2nc(-c3ccccc3)no2)C(=O)O)CCCC1)C(=O)O,8.721246399047171,1.24,460.49,active,460.4870000000003,1.2406000000000008,4.0,8.0
CHEMBL284818,O=C(O)C(COc1ccccc1)C[C@@H](Cc1ccc(-c2ccccc2)cc1)C(=O)NCc1nn[nH]n1,7.721246399047171,3.51,485.54,active,485.54400000000015,3.511700000000001,3.0,6.0
CHEMBL2022227,C[C@H](NC(=O)[C@@H](N)CCC(N)=O)C(=O)N[C@@H](Cc1ccccc1)C(=O)N[C@@H](CO)C(=O)N[C@@H](CCCNC(=N)N)C(=O)O,4.920818753952375,-3.88,607.67,inactive,607.6690000000002,-3.8788300000000007,11.0,9.0
CHEMBL51438,O=C(O)CCN1C(=O)[C@@H](NC(=O)[C@@H](CS)Cc2ccccc2)CCc2ccccc21,8.769551078621726,2.71,426.54,active,426.5380000000002,2.7140000000000004,3.0,4.0
CHEMBL2022232,N=C(N)NCCC[C@H](NC(=O)[C@H](CO)NC(=O)[C@H](Cc1ccccc1Br)NC(=O)[C@H](CCCNC(=N)N)NC(=O)[C@@H](N)CCC(N)=O)C(=O)O,4.522878745280337,-3.87,771.68,inactive,771.6749999999997,-3.8729600000000026,14.0,10.0
CHEMBL35995,NCCc1c(NC(=O)[C@H](CC#Cc2ccc(F)cc2F)NCP(=O)(O)O)[nH]c2ccccc12,5.013228265733755,2.42,476.42,inactive,476.4200000000001,2.4210000000000003,6.0,4.0
CHEMBL36809,O=C(NCCc1cccc2ccccc12)[C@H](CC#Cc1ccccc1F)NCP(=O)(O)O,4.97061622231479,3.17,454.44,inactive,454.4380000000001,3.1728000000000023,4.0,3.0
CHEMBL2029396,N=C(N)NCCC[C@H](NC(=O)[C@H](CO)NC(=O)[C@H](Cc1ccccc1)NC(=O)[C@H](CCCNC(=N)N)NC(=O)[C@@H](N)CC(N)=O)C(=O)O,3.886056647693163,-5.03,678.75,inactive,678.7520000000001,-5.0255600000000085,14.0,10.0
CHEMBL2029399,N=C(N)NCCC[C@H](NC(=O)[C@H](CO)NC(=O)[C@H](Cc1ccccc1)NC(=O)[C@H](CCCNC(=N)N)NC(=O)[C@H](CCC(N)=O)NC(=O)[C@@H](N)CS)C(=O)O,5.154901959985743,-5.22,795.92,inactive,795.925,-5.220860000000011,16.0,12.0
CHEMBL2029393,N=C(N)NCCC[C@H](NC(=O)[C@H](CO)NC(=O)[C@@H](N)Cc1ccccc1)C(=O)O,5.154901959985743,-2.13,408.46,inactive,408.4590000000002,-2.1338299999999926,8.0,6.0
CHEMBL3677672,C[C@H](C[C@@H](Cc1ccc(-c2ccccc2)cc1)NC(=O)c1nnn(Cc2ccccc2)n1)C(=O)OCc1ccccc1,7.853871964321762,5.5,559.67,active,559.6700000000004,5.499100000000005,1.0,7.0
CHEMBL2112402,O=C(N[C@H]1CCc2cccc3c2N(C1=O)[C@H](C(=O)O)C3)C(CS)Cc1ccc(-c2ccccc2)cc1,7.920818753952375,3.92,500.62,active,500.62000000000023,3.915600000000002,3.0,4.0
CHEMBL2204326,O=C1N[C@H](C(=O)N2C[C@H](O)C[C@H]2C(=O)O)CCCCCC[C@H]1CS,9.096910013008056,0.42,358.46,active,358.46000000000015,0.4177999999999998,4.0,5.0
CHEMBL34369,O=C(O)Cn1ccnc1NC(=O)[C@H](Cc1ccc(-c2ccccc2)cc1)CC(COc1ccccc1)C(=O)O,6.117475462045119,4.6,527.58,active,527.5770000000002,4.602000000000003,3.0,6.0
CHEMBL11297,CC(NC(=O)C(CS)C(C)c1ccc(F)cc1)C(=O)O,8.698970004336019,2.06,299.37,active,299.367,2.0645,3.0,3.0
CHEMBL2024271,N=C(N)NCCC[C@H](NC(=O)[C@H](CO)NC(=O)CN(Cc1ccccc1)C(=O)[C@H](CCCNC(=N)N)NC(=O)[C@@H](N)CCC(N)=O)C(=O)O,4.0,-4.33,692.78,inactive,692.779,-4.334160000000006,13.0,10.0
CHEMBL2022239,N=C(N)NCCC[C@H](NC(=O)[C@H](CO)NC(=O)C[C@@H](NC(=O)[C@H](CCCNC(=N)N)NC(=O)[C@@H](N)CCC(N)=O)c1ccccc1)C(=O)O,4.0,-4.12,692.78,inactive,692.7790000000001,-4.11536000000001,14.0,10.0
CHEMBL2022233,N=C(N)NCCC[C@H](NC(=O)[C@H](CO)NC(=O)[C@H](Cc1cccc(F)c1)NC(=O)[C@H](CCCNC(=N)N)NC(=O)[C@@H](N)CCC(N)=O)C(=O)O,4.0,-4.5,710.77,inactive,710.7689999999999,-4.4963600000000055,14.0,10.0
CHEMBL315669,O=C(O)[C@H](Cc1ccc(-c2ccccc2)cc1)NC(=O)[C@H](Cc1c[nH]cn1)NCP(=O)(O)O,6.0,1.52,472.44,active,472.43800000000016,1.5246999999999997,6.0,5.0
CHEMBL51389,O=C(O)CN1C(=O)[C@@H](NC(=O)[C@@H](CS)Cc2ccccc2)COc2ccccc21,9.221848749616356,1.77,414.48,active,414.4830000000001,1.7700999999999998,3.0,5.0
CHEMBL66254,O=C(N[C@H]1CCCN2CC[C@@H](C(=O)O)N2C1=O)[C@@H](S)Cc1ccccc1,7.657577319177793,0.71,377.47,active,377.46600000000007,0.7086000000000008,3.0,5.0
CHEMBL2171396,COc1cc(C(=O)N[C@@H](CC(=O)O)c2ccccc2C)nn1-c1ccccc1F,5.721246399047171,3.27,397.41,inactive,397.4060000000001,3.2742200000000024,2.0,5.0
CHEMBL25432,CC(C)C[C@@H](NC(=O)C(S)Cc1ccccc1)C(=O)O,7.301029995663981,2.14,295.4,active,295.40400000000005,2.143,3.0,3.0
CHEMBL147526,O=C1N[C@H](C(=O)O)CCCCCCc2cccc(c2)C[C@H]1CS,6.351639989019068,2.85,335.47,active,335.469,2.851100000000001,3.0,3.0
CHEMBL92126,C[C@H](N[C@@H](Cc1ccccc1)C(=O)N[C@@H](Cc1ccc(-c2ccccc2)cc1)C(=O)O)P(=O)(O)O,6.767003889607846,3.19,496.5,active,496.50000000000017,3.190100000000002,5.0,4.0
CHEMBL34541,O=C(O)Cc1csc(NC(=O)[C@H](Cc2ccc(-c3ccccc3)cc2)C[C@@H](COc2ccccc2)C(=O)O)n1,9.161150909262744,5.4,544.63,active,544.6290000000002,5.404500000000005,3.0,6.0
CHEMBL148840,O=C1N[C@H](C(=O)O)CCCCCc2cccc(c2)C[C@H]1CS,6.0,2.46,321.44,active,321.442,2.461,3.0,3.0
CHEMBL50814,O=C(O)CN1C(=O)C(NC(=O)[C@@H](S)Cc2ccccc2)CCCc2ccccc21,5.949233688766958,2.47,412.51,inactive,412.5110000000002,2.4664,3.0,4.0
CHEMBL93562,CC(C)[C@H](NCP(=O)(O)O)C(=O)N[C@@H](CCc1ccccc1)C(=O)O,7.585026652029182,0.94,372.36,active,372.35800000000006,0.9379999999999993,5.0,4.0
CHEMBL92676,CC(C)C[C@H](NCP(=O)(O)O)C(=O)N[C@@H](Cc1ccc(-c2ccccc2)cc1)C(=O)O,6.448550002027125,2.61,448.46,active,448.45600000000013,2.6050000000000004,5.0,4.0
CHEMBL1829582,O=C(O)CCNC(=O)[C@H](Cc1ccccc1)NCC(=O)O,4.356547323513812,-0.14,294.31,inactive,294.3070000000001,-0.1371999999999996,4.0,4.0
CHEMBL258278,CC(C)CN(C[C@H](O)C(=O)O)C(=O)N[C@@H](Cc1ccc(O)c(O)c1)C(=O)O,7.721246399047171,0.21,384.39,active,384.3850000000001,0.20660000000000045,6.0,6.0
CHEMBL4445778,CCOc1nc(CC)c(CNC(=O)[C@@H](CS)CC(C)C)n1Cc1ccc(-c2ccccc2C(=O)O)c(F)c1,7.100015437450609,5.61,541.69,active,541.6890000000003,5.6051000000000055,3.0,6.0
CHEMBL299438,O=C(O)CN1C(=O)[C@@H](NC(=O)[C@@H](S)CC2CCCCC2)CCc2ccccc21,5.370590400897281,2.8,404.53,inactive,404.5320000000003,2.8040000000000003,3.0,4.0
CHEMBL26703,O=C(N[C@@H](Cc1ccccc1)P(=O)(O)CC(Cc1ccccc1)C(=O)NC(Cc1c[nH]cn1)C(=O)O)OCc1ccccc1,5.0,4.15,618.63,inactive,618.6270000000001,4.146100000000002,5.0,6.0
CHEMBL25341,O=C(O)CCNC(=O)C(Cc1ccccc1)CP(=O)(O)[C@H](Cc1ccccc1)NC(=O)OCc1ccccc1,5.638272163982407,4.2,552.56,inactive,552.5640000000003,4.201800000000003,4.0,5.0
CHEMBL36753,CSCC[C@H](NC(=O)[C@H](CC#Cc1ccccc1F)NCP(=O)(O)O)C(=O)O,5.391473966422806,0.98,432.41,inactive,432.4100000000001,0.9831999999999999,5.0,5.0
CHEMBL288837,CC(C)C[C@H](NC(=O)[C@H](CC#Cc1ccccc1)NCP(=O)(O)O)C(=O)O,6.023191662661934,1.14,396.38,active,396.3800000000001,1.1370999999999998,5.0,4.0
CHEMBL2024269,Cc1ccc(C[C@H](NC(=O)[C@H](CCCNC(=N)N)NC(=O)[C@@H](N)CCC(N)=O)C(=O)N[C@@H](CO)C(=O)N[C@@H](CCCNC(=N)N)C(=O)O)cc1,4.0,-4.33,706.81,inactive,706.806,-4.327040000000009,14.0,10.0
CHEMBL2022234,N=C(N)NCCC[C@H](NC(=O)[C@H](CO)NC(=O)[C@@H](Cc1ccc(F)cc1)NC(=O)[C@H](CCCNC(=N)N)NC(=O)[C@@H](N)CCC(N)=O)C(=O)O,4.0,-4.5,710.77,inactive,710.7689999999999,-4.4963600000000055,14.0,10.0
CHEMBL329372,CC(C)[C@H](NCP(=O)(O)O)C(=O)N[C@@H](Cc1ccc(-c2ccccc2)cc1)C(=O)N1C[C@H](O)C[C@H]1C(=O)O,7.920818753952375,1.18,547.55,active,547.5450000000003,1.1767,6.0,6.0
CHEMBL211450,CCC[C@@H](CC1(C(=O)Nc2nnc(C)s2)CCCC1)C(=O)O,6.543633966870957,3.24,325.43,active,325.4340000000001,3.2364200000000016,2.0,5.0
CHEMBL224670,COCC[C@H](CC1(C(=O)NCCCc2ccc(F)cc2)CCCC1)C(=O)O,8.337242168318426,3.56,379.47,active,379.47200000000015,3.5623000000000022,2.0,3.0
CHEMBL4535903,CCCCc1nc(Cl)c(CNC(=O)C(CS)CC(C)C)n1Cc1ccc(-c2ccccc2C(=O)O)cc1,7.199970640755866,6.5,542.15,active,542.1450000000003,6.500900000000008,3.0,5.0
CHEMBL4464191,CCCCc1nc(Cl)c(CNC(=O)[C@@H](CS)CC(C)C)n1Cc1ccc(-c2ccccc2C(=O)O)cc1,7.199970640755866,6.5,542.15,active,542.1450000000003,6.500900000000008,3.0,5.0
CHEMBL4454778,CCCCc1nc(CC)c(CNC(=O)[C@@H](CS)CC(C)C)n1Cc1ccc(-c2ccccc2C(=O)O)cc1,6.900008766455316,6.41,535.75,active,535.7540000000004,6.409900000000007,3.0,5.0
CHEMBL328030,CC(C)Oc1ccc(C[C@H](NC(=O)[C@@H](NCP(=O)(O)O)C(C)C)C(=O)O)cc1,8.045757490560675,1.34,416.41,active,416.4110000000001,1.3350999999999995,5.0,5.0
CHEMBL378050,CCCC(CC1(C(=O)N[C@H](C)c2ccccc2)CCCC1)C(=O)O,6.275724130399211,4.32,331.46,active,331.4560000000002,4.3152000000000035,2.0,2.0
CHEMBL5272027,CCCCC(=O)N(Cc1ccc(-c2ccccc2-c2nnn[n-]2)cc1)[C@H](C(=O)[O-])C(C)C.CCOC(=O)[C@H](C)C[C@@H](Cc1ccc(-c2ccccc2)cc1)NC(=O)CCC(=O)[O-].O.O.[Na+].[Na+].[Na+],8.301029995663981,,949.0,active,949.002,-5.681000000000013,1.0,11.0
CHEMBL39828,O=C(O)[C@H](CC1CCCCC1)NC(=O)[C@H](CC#Cc1ccc(F)cc1F)NCP(=O)(O)O,5.684029654543083,2.34,472.43,inactive,472.42500000000007,2.339600000000001,5.0,4.0
CHEMBL225084,COCC[C@H](CC1(C(=O)NC2(CO)Cc3ccccc3C2)CCCC1)C(=O)O,8.431798275933005,2.32,389.49,active,389.49200000000025,2.3202999999999996,3.0,4.0
CHEMBL329666,O=C(O)[C@H](Cc1ccc(-c2ccccc2)cc1)NC(=O)C1(NCP(=O)(O)O)CCCC1,6.0,2.5,446.44,active,446.4400000000003,2.5031000000000008,5.0,4.0
CHEMBL4078112,CCC[C@H](N[C@@H](CCc1ccccc1)C(=O)O)C(=O)N1C[C@@H](NC(=O)C[C@H](N)Cc2cc(F)c(F)cc2F)C[C@H]1C(=O)O,4.0,2.38,606.64,inactive,606.6420000000003,2.378400000000002,5.0,6.0
CHEMBL329894,CC(C)[C@H](NCP(=O)(O)O)C(=O)N[C@@H](Cc1ccc(-c2ccccc2)cc1)C(=O)N[C@@H](Cc1ccc(O)cc1)C(=O)O,8.397940008672037,2.65,597.61,active,597.6050000000004,2.6480000000000006,7.0,6.0
CHEMBL409920,CC(C)CN(C[C@H](O)C(=O)O)C(=O)N[C@@H](Cc1cccc2ccccc12)C(=O)O,8.045757490560675,1.95,402.45,active,402.4470000000001,1.9485999999999999,4.0,4.0
CHEMBL367315,O=c1cc(N2CCOCC2)oc2ccccc12,4.0,1.63,231.25,inactive,231.251,1.6296,0.0,4.0
CHEMBL3677666,C[C@H](C[C@@H](Cc1ccc(-c2ccccc2)cc1)NC(=O)CC(C)(C)C(=O)O)C(=O)O,6.573488738635425,3.99,411.5,active,411.4980000000003,3.9926000000000013,3.0,3.0
CHEMBL418959,O=C(O)[C@H](Cc1ccc(-c2ccccc2)cc1)NC(=O)[C@H](Cc1ccc(-c2ccccc2)cc1)NCP(=O)(O)O,7.698970004336019,4.47,558.57,active,558.5710000000004,4.468600000000005,5.0,4.0
CHEMBL366503,C[C@H](OCc1ccccc1)[C@H](NCP(=O)(O)O)C(=O)N[C@@H](Cc1ccc(-c2ccccc2)cc1)C(=O)O,6.0,3.16,526.53,active,526.5260000000003,3.164200000000001,5.0,5.0
CHEMBL2029394,N=C(N)NCCC[C@H](NC(=O)[C@H](CO)NC(=O)[C@H](Cc1ccccc1)NC(=O)[C@@H](N)CCCNC(=N)N)C(=O)O,3.744727494896694,-3.39,564.65,inactive,564.6480000000003,-3.385759999999994,12.0,8.0
CHEMBL326801,CC(=O)SCC(C)C(=O)NCc1ccccc1,4.698970004336019,2.22,251.35,inactive,251.351,2.2186000000000003,1.0,3.0
CHEMBL11607,CC(c1ccc(F)c(F)c1)C(CS)C(=O)NC(Cc1ccc(O)cc1)C(=O)O,8.2839966563652,3.13,409.45,active,409.4540000000002,3.1319999999999997,4.0,4.0
CHEMBL299441,O=C(O)CCN1C(=O)[C@@H](NC(=O)[C@@H](S)Cc2ccccc2)CSc2ccccc21,8.657577319177793,2.63,430.55,active,430.55100000000016,2.6259000000000015,3.0,5.0
CHEMBL28273,CCCCC(NC(=O)C(Cc1ccccc1)CP(=O)(O)[C@H](Cc1ccccc1)NC(=O)OCc1ccccc1)C(=O)O,6.522878745280337,5.37,594.65,active,594.6450000000003,5.370500000000004,4.0,5.0
CHEMBL402569,O=C(O)[C@H](Cc1ccc(O)cc1)NC(=O)N(CC1CCCCC1)C[C@H](O)C(=O)O,5.812479279163537,1.43,408.45,inactive,408.4510000000003,1.4253000000000002,5.0,5.0
CHEMBL24910,N=C(N)NCCCC(NC(=O)C(Cc1ccccc1)CP(=O)(O)[C@H](Cc1ccccc1)NC(=O)OCc1ccccc1)C(=O)O,6.096910013008056,3.44,637.67,active,637.6740000000002,3.443570000000002,7.0,6.0
CHEMBL282158,O=C(O)CNC(=O)C(Cc1ccccc1)CP(=O)(O)[C@H](Cc1ccccc1)NC(=O)OCc1ccccc1,6.045757490560675,3.81,538.54,active,538.5370000000003,3.811700000000002,4.0,5.0
CHEMBL423574,O=C1N[C@@H](C(=O)O)Cc2ccccc2CCCCCCC[C@@H]1CS,5.0,3.24,349.5,inactive,349.4960000000001,3.2412000000000014,3.0,3.0
CHEMBL25154,O=C(O)CCC(NC(=O)C(Cc1ccccc1)CP(=O)(O)[C@H](Cc1ccccc1)NC(=O)OCc1ccccc1)C(=O)O,5.522878745280337,4.05,610.6,inactive,610.6000000000004,4.045100000000002,5.0,6.0
CHEMBL146573,O=C1N[C@H](C(=O)O)CCCCCCc2ccccc2C[C@H]1CS,7.568636235841013,2.85,335.47,active,335.46900000000005,2.851100000000001,3.0,3.0
CHEMBL92638,O=C(O)[C@H](Cc1ccc(-c2ccccc2)cc1)NC(=O)[C@@H](NCP(=O)(O)O)C1CCCCC1,7.468521082957745,3.14,474.49,active,474.4940000000003,3.1392000000000015,5.0,4.0
CHEMBL1778526,CC(C)CC[C@H](N[C@@H](CCc1ccccc1)C(=O)O)C(=O)N[C@@H](Cc1ccc(-c2ccccc2)cc1)C(=O)O,7.552841968657781,4.95,530.67,active,530.6650000000003,4.9459000000000035,4.0,4.0
CHEMBL127545,Oc1ccccc1/C=C/c1ccc2ccccc2n1,4.0,4.11,247.3,inactive,247.297,4.110800000000003,1.0,2.0
CHEMBL213944,CCCC(CC1(C(=O)Nc2ccc(=O)n(Cc3ccccc3)c2)CCCC1)C(=O)O,6.504455662453552,4.29,410.51,active,410.51400000000024,4.286500000000003,2.0,4.0
CHEMBL37542,O=C(O)[C@H](Cc1ccccc1)NC(=O)[C@H](CC#Cc1ccccc1F)NCP(=O)(O)O,5.920818753952375,1.47,448.39,inactive,448.38700000000006,1.4727999999999999,5.0,4.0
CHEMBL434492,COCCOC[C@H](CC1(C(=O)N[C@H]2CC[C@@H](C(=O)O)CC2)CCCC1)C(=O)O,8.10790539730952,2.06,399.48,active,399.48400000000026,2.0603,3.0,5.0
CHEMBL1778532,COCC[C@H](NC1(C(=O)N[C@@H](Cc2ncc(-c3ccccc3)o2)C(=O)O)CCCC1)C(=O)O,9.522878745280337,1.85,459.5,active,459.4990000000003,1.8455999999999995,4.0,7.0
CHEMBL1778530,CCC[C@H](NC1(C(=O)N[C@@H](Cc2ncc(-c3ccccc3)o2)C(=O)O)CCCC1)C(=O)O,9.221848749616356,2.61,443.5,active,443.5000000000003,2.6092000000000004,4.0,6.0
CHEMBL1778534,COCC[C@H](NC1(C(=O)N[C@@H](Cc2ncc(-c3ccc(Cl)cc3)o2)C(=O)O)CCCC1)C(=O)O,9.522878745280337,2.5,493.94,active,493.9440000000003,2.4990000000000006,4.0,7.0
CHEMBL299181,C[C@H](NC(=O)[C@@H](CS)Cc1ccccc1)C(=O)N1CCC[C@H]1C(=O)O,8.18045606445813,1.36,364.47,active,364.46700000000016,1.3553999999999997,3.0,4.0
CHEMBL4443691,CCCCc1nc(C)c(CNC(=O)[C@@H](S)CC(C)C)n1Cc1ccc(-c2ccccc2C(=O)O)cc1,9.199970640755865,5.91,507.7,active,507.7000000000003,5.908320000000005,3.0,5.0
CHEMBL37820,O=C(O)CC[C@@H](Cc1ccc(-c2ccccc2)cc1)C(=O)Nc1nc(CC(=O)O)cs1,6.913640169325252,4.1,438.51,active,438.5050000000002,4.099400000000002,3.0,5.0
CHEMBL346424,O=C1N[C@H](C(=O)O)CCCCc2ccccc2C[C@H]1CS,8.154901959985743,2.07,307.42,active,307.41499999999996,2.0708999999999995,3.0,3.0
CHEMBL147755,O=C1N[C@H](C(=O)O)Cc2ccccc2CCCCCC[C@@H]1CS,7.173925197299173,2.85,335.47,active,335.46900000000005,2.851100000000001,3.0,3.0
CHEMBL357584,O=C1N[C@H](C(=O)O)CCCCCCc2cccc(c2)C[C@@H]1CS,8.397940008672037,2.85,335.47,active,335.469,2.851100000000001,3.0,3.0
CHEMBL422944,O=C(O)CN1C(=O)[C@@H](NC(=O)[C@H](S)Cc2ccccc2)CCc2ccccc21,7.853871964321762,2.08,398.48,active,398.48400000000015,2.0763,3.0,4.0
CHEMBL27880,O=C(N[C@@H](Cc1ccccc1)P(=O)(O)CC(Cc1ccccc1)C(=O)NC(Cc1ccccc1)C(=O)O)OCc1ccccc1,6.096910013008056,5.42,628.66,active,628.6620000000001,5.4230000000000045,4.0,5.0
CHEMBL39777,O=C(O)[C@H](CC#Cc1ccccc1F)NC(=O)[C@H](CC#Cc1ccccc1F)NCP(=O)(O)O,5.200659450546418,1.81,490.4,inactive,490.3990000000002,1.811,5.0,4.0
CHEMBL2022235,N=C(N)NCCC[C@H](NC(=O)[C@H](CO)NC(=O)[C@H](Cc1ccc(Cl)cc1)NC(=O)[C@H](CCCNC(=N)N)NC(=O)[C@@H](N)CCC(N)=O)C(=O)O,4.154901959985743,-3.98,727.22,inactive,727.2239999999999,-3.982060000000005,14.0,10.0
CHEMBL289150,CC(C)C[C@H](NC(=O)[C@H](CC#Cc1ccc(F)cc1F)NCP(=O)(O)O)C(=O)O,5.173925197299174,1.42,432.36,inactive,432.36000000000007,1.4153,5.0,4.0
CHEMBL39812,O=C(O)[C@H](CC#Cc1ccc(F)cc1F)NCP(=O)(O)O,4.585026652029182,0.88,319.2,inactive,319.20000000000005,0.8843999999999999,4.0,3.0
CHEMBL290256,CC(C)C[C@H](NC(=O)[C@H](CC#Cc1ccccc1F)NCP(=O)(O)O)C(=O)O,5.0655015487564325,1.28,414.37,inactive,414.37000000000006,1.2762,5.0,4.0
CHEMBL4090635,CCCC[C@H](N[C@@H](CCc1ccccc1)C(=O)O)C(=O)N1C[C@@H](NC(=O)C[C@H](N)Cc2cc(F)c(F)cc2F)C[C@H]1C(=O)O,4.0,2.77,620.67,inactive,620.6690000000003,2.768500000000002,5.0,6.0
CHEMBL40028,O=P(O)(O)CN[C@@H](CC#Cc1ccccc1F)c1nnn[nH]1,7.853871964321762,0.55,325.24,active,325.24,0.5464999999999995,4.0,5.0
CHEMBL3695451,C[C@H](N[C@@H](Cc1ccc(-c2cccc(Cl)c2)cc1)C(=O)Nc1cc(O)no1)C(=O)O,8.619788758288394,3.31,429.86,active,429.8600000000002,3.313100000000001,4.0,6.0
CHEMBL37078,O=C(NCCc1ccc2ccccc2c1)[C@H](CC#Cc1ccc(F)cc1F)NCP(=O)(O)O,5.154901959985743,3.31,472.43,inactive,472.4280000000001,3.3119000000000023,4.0,3.0
CHEMBL3695450,C[C@H](N[C@@H](Cc1ccc(-c2ccccc2)cc1)C(=O)NC1=NNNN1)C(=O)O,7.958607314841775,0.33,382.42,active,382.42400000000004,0.3270000000000005,6.0,7.0
CHEMBL2029398,N=C(N)NCCC[C@H](NC(=O)[C@H](CO)NC(=O)[C@H](Cc1ccccc1)NC(=O)[C@H](CCCNC(=N)N)NC(=O)[C@H](CCC(N)=O)NC(=O)[C@@H](N)Cc1ccccc1)C(=O)O,4.292429823902063,-3.91,839.96,inactive,839.9559999999999,-3.9079600000000134,15.0,11.0
CHEMBL285619,O=P(O)(O)C(CCc1cccc2ccccc12)N[C@@H](Cc1ccc(-c2ccccc2)cc1)c1nnn[nH]1,8.301029995663981,5.03,513.54,active,513.5380000000002,5.029900000000005,4.0,5.0
CHEMBL211314,CCCC(CC1(C(=O)Nc2cc(C)ccn2)CCCC1)C(=O)O,5.698970004336019,3.78,318.42,inactive,318.4170000000001,3.7799200000000024,2.0,3.0
CHEMBL2111596,O=C(N[C@@H]1CCc2cccc3c2N(C1=O)[C@H](C(=O)O)C3)[C@@H](S)Cc1ccccc1,6.0,2.0,410.5,active,410.4950000000001,2.001,3.0,4.0
CHEMBL204593,Cc1cc(S(=O)(=O)N[C@@H](C(=O)NO)C2CCOCC2)ccc1F,5.026872146400302,0.71,346.38,inactive,346.3800000000001,0.7130199999999998,3.0,5.0
CHEMBL273748,CC(c1ccccc1)C(CS)C(=O)NCC(=O)O,8.886056647693163,1.54,267.35,active,267.34999999999997,1.5368999999999997,3.0,3.0
CHEMBL290698,O=P(O)(O)CN[C@@H](Cc1ccc(-c2ccccc2)cc1)c1nn[nH]n1,9.0,1.88,359.33,active,359.326,1.8752999999999995,4.0,5.0
CHEMBL289348,CC(C[C@@H](Cc1ccc(-c2ccccc2)cc1)C(=O)Nc1nc(CC(=O)O)cs1)C(=O)O,7.236572006437063,4.35,452.53,active,452.5320000000002,4.345400000000002,3.0,5.0
CHEMBL301751,O=C(O)CCN1C(=O)[C@@H](NC(=O)[C@@H](S)Cc2ccccc2)COc2ccccc21,8.920818753952375,1.91,414.48,active,414.4830000000002,1.9125999999999996,3.0,5.0
CHEMBL308333,CCCCC[C@H](CC(=O)NO)C(=O)N[C@H](C(=O)N1CCC[C@H]1CO)C(C)C,5.173925197299174,1.2,385.51,inactive,385.5050000000002,1.2025000000000012,4.0,5.0
CHEMBL267766,CCC(c1ccccc1)C(CS)C(=O)NC(Cc1ccc(O)cc1)C(=O)O,8.619788758288394,3.24,387.5,active,387.5010000000001,3.243900000000001,4.0,4.0
CHEMBL316595,O=C(O)[C@@H]1Cc2cccc3c2N1C(=O)C(NC(=O)C1(S)Cc2ccccc2C1)CC3,6.296708621881338,1.93,422.51,active,422.50600000000026,1.9273,3.0,4.0
CHEMBL40168,O=C(NCCc1ccc(-c2ccccc2)cc1)[C@H](CC#Cc1ccc(F)cc1F)NCP(=O)(O)O,5.6020599913279625,3.83,498.47,inactive,498.4660000000002,3.8257000000000034,4.0,3.0
CHEMBL3221959,COC(=O)C(CC(C)C)C(=O)N[C@@H](CO)C(=O)O,4.300000029139088,-0.62,261.27,inactive,261.27399999999994,-0.6165999999999991,3.0,5.0
CHEMBL17107,O=C(O)CNC(=O)C(Cc1ccccc1)C(=O)NO,7.823908740944319,-0.45,266.25,active,266.253,-0.44850000000000007,4.0,4.0
CHEMBL52733,C[C@H]1Oc2ccccc2N(CCC(=O)O)C(=O)[C@H]1NC(=O)[C@@H](S)Cc1ccccc1,7.080921907623926,2.3,428.51,active,428.51000000000005,2.3011,3.0,5.0
CHEMBL91218,C[C@H](NCP(=O)(O)O)C(=O)N[C@@H](Cc1ccc(-c2ccccc2)cc1)C(=O)O,6.0,1.58,406.38,active,406.3750000000001,1.5788000000000002,5.0,4.0
CHEMBL91399,Cc1ccccc1C[C@H](NCP(=O)(O)O)C(=O)N[C@@H](Cc1ccc(-c2ccccc2)cc1)C(=O)O,7.017728766960431,3.11,496.5,active,496.50000000000017,3.1100200000000005,5.0,4.0
CHEMBL51576,O=C(O)CN1Cc2ccccc2C[C@H](NC(=O)[C@@H](S)Cc2ccccc2)C1=O,6.756961951313706,1.68,398.48,active,398.4840000000001,1.6817999999999997,3.0,4.0
CHEMBL27273,CC(C)C(NC(=O)C(Cc1ccccc1)CP(=O)(O)[C@H](Cc1ccccc1)NC(=O)OCc1ccccc1)C(=O)O,4.0,4.84,580.62,inactive,580.6180000000003,4.836300000000004,4.0,5.0
CHEMBL289130,O=C(O)C(COc1ccccc1)C[C@@H](Cc1ccc(-c2ccccc2)cc1)C(=O)Nc1nn[nH]n1,8.130768280269024,3.83,471.52,active,471.5170000000001,3.8340000000000014,3.0,6.0
CHEMBL417034,O=C(O)CN1NCCC[C@H](NC(=O)[C@@H](S)Cc2ccccc2)C1=O,6.313363730737707,0.22,351.43,active,351.4280000000001,0.22390000000000077,4.0,5.0
CHEMBL39887,O=C(O)[C@H](Cc1ccc2ccccc2c1)NC(=O)[C@H](CC#Cc1ccccc1F)NCP(=O)(O)O,5.886056647693163,2.63,498.45,inactive,498.44700000000023,2.6260000000000012,5.0,4.0
CHEMBL11236,CC(c1ccccc1)C(CS)C(=O)NC(COCc1ccccc1)C(=O)O,8.397940008672037,3.12,387.5,active,387.5010000000001,3.122300000000001,3.0,4.0
CHEMBL275690,CCCC(NC(=O)C(CS)C(C)c1ccccc1)C(=O)O,8.397940008672037,2.71,309.43,active,309.43100000000004,2.7056000000000004,3.0,3.0
CHEMBL62417,CCCN1C(=O)CC[C@H](NC(=O)[C@@H](S)Cc2ccccc2)C(=O)N1CC(=O)O,5.7162466166674735,0.87,407.49,inactive,407.49200000000013,0.8728999999999996,3.0,5.0
CHEMBL287971,CC(C)CCNC(=O)[C@H](CC#Cc1ccc(F)cc1F)NCP(=O)(O)O,4.638272163982407,1.96,388.35,inactive,388.351,1.9621000000000004,4.0,3.0
CHEMBL3145346,O=C(O)CC(NC(=O)c1cc(=O)n(-c2ccccc2)[nH]1)c1cccc(Cl)c1Cl,7.221848749616356,3.42,420.25,active,420.25200000000007,3.4182000000000023,3.0,4.0
CHEMBL6915,CCC(NC(=O)C(CS)C(C)c1ccccc1)C(=O)O,8.200659450546418,2.32,295.4,active,295.40400000000005,2.3155,3.0,3.0
CHEMBL1422,N[C@@H](CC(=O)N1CCn2c(nnc2C(F)(F)F)C1)Cc1cc(F)c(F)cc1F,4.0,2.02,407.32,inactive,407.31800000000015,2.0164999999999997,1.0,5.0
CHEMBL434208,CC(C)C[C@H](NC(=O)[C@H](CC#Cc1cccc(F)c1)NCP(=O)(O)O)C(=O)O,6.39040559077478,1.28,414.37,active,414.37000000000006,1.2762,5.0,4.0
CHEMBL255568,CC(C)CN(C[C@H](O)C(=O)O)C(=O)N[C@@H](Cc1c[nH]c2ccccc12)C(=O)O,8.096910013008056,1.28,391.42,active,391.4240000000001,1.2767,5.0,4.0
CHEMBL209441,CCCC(CC1(C(=O)N(C)c2ccc(=O)n(Cc3ccccc3)c2)CCCC1)C(=O)O,5.0,4.31,424.54,inactive,424.5410000000002,4.310800000000003,1.0,4.0
CHEMBL379312,CCCC(CC1(C(=O)Nc2ncccc2CC)CCCC1)C(=O)O,5.767003889607846,4.03,332.44,inactive,332.44400000000013,4.033900000000003,2.0,3.0
CHEMBL378762,CCC[C@H](CC1(C(=O)Nc2nnc(C)s2)CCCC1)C(=O)O,6.943095148663527,3.24,325.43,active,325.4340000000001,3.2364200000000016,2.0,5.0
CHEMBL211943,CCCC(CC1(C(=O)Nc2ccc(OC)nn2)CCCC1)C(=O)O,6.42712839779952,2.88,335.4,active,335.40400000000017,2.8751000000000007,2.0,5.0
CHEMBL42583,CS(=O)(=O)N[C@@H](CCCCN)C(=O)NC[C@H](CC1(C(=O)N[C@@H](Cc2ccc(O)cc2)C(=O)O)CCCC1)C(=O)O,8.096910013008056,0.32,584.69,active,584.6920000000002,0.3184000000000064,7.0,8.0
CHEMBL305108,O=C(N[C@H]1CCC(=O)N2CC[C@@H](C(=O)O)N2C1=O)[C@@H](S)Cc1ccccc1,6.853871964321762,0.24,391.45,active,391.44900000000007,0.23520000000000074,3.0,5.0
CHEMBL37052,O=C(O)[C@H](Cc1ccc(-c2ccccc2)cc1)NC(=O)[C@H](CC#Cc1ccccc1F)NCP(=O)(O)O,6.6020599913279625,3.14,524.49,active,524.4850000000002,3.139800000000002,5.0,4.0
CHEMBL329464,O=C(O)[C@H](Cc1ccc(-c2ccccc2)cc1)NC(=O)[C@H](Cc1ccc(Cl)cc1)NCP(=O)(O)O,6.471083299722345,3.46,516.92,active,516.9180000000002,3.455000000000002,5.0,4.0
CHEMBL192441,CC(C)OC(=O)N1C[C@H](S)CC1CNCc1cc(F)ccc1F,4.0,2.97,344.43,inactive,344.427,2.972100000000001,2.0,4.0
CHEMBL2029397,C[C@@H](O)[C@H](NC(=O)[C@H](Cc1ccccc1)NC(=O)[C@H](CCCNC(=N)N)NC(=O)[C@@H](N)CCC(N)=O)C(=O)N[C@@H](CCCNC(=N)N)C(=O)O,4.0,-4.25,706.81,inactive,706.806,-4.246960000000012,14.0,10.0
CHEMBL1829587,O=C(O)[C@H](CCc1ccccc1)N[C@@H](Cc1ccc(-c2ccccc2)cc1)C(=O)O,6.376750709602099,4.02,403.48,active,403.4780000000001,4.024900000000002,3.0,3.0
CHEMBL196902,O=C(O)CCNC(=O)C(CS)Cc1ccccc1,8.0268721464003,1.37,267.35,active,267.35,1.3660000000000003,3.0,3.0
CHEMBL50315,O=C(O)CN1C(=O)[C@H](NC(=O)[C@@H](S)Cc2ccccc2)CCc2ccccc21,6.251811972993799,2.08,398.48,active,398.48400000000015,2.0763,3.0,4.0
CHEMBL10247,O=C(O)CNC(=O)C(CS)Cc1ccccc1,9.0,0.98,253.32,active,253.323,0.9758999999999998,3.0,3.0
CHEMBL1829585,C[C@@H](CNC(=O)[C@H](Cc1ccc(-c2ccccc2)cc1)N[C@@H](CCc1ccccc1)C(=O)O)C(=O)O,9.292429823902063,3.78,488.58,active,488.58400000000023,3.7772000000000014,4.0,4.0
CHEMBL3677663,C[C@H](C[C@@H](Cc1ccc(-c2ccccc2)cc1)NC(=O)c1cc(C(=O)O)ncn1)C(=O)O,9.0,3.29,433.46,active,433.4640000000002,3.2937000000000003,3.0,5.0
CHEMBL26814,O=C(O)CC(NC(=O)C(Cc1ccccc1)CP(=O)(O)[C@H](Cc1ccccc1)NC(=O)OCc1ccccc1)C(=O)O,6.096910013008056,3.66,596.57,active,596.5730000000003,3.655000000000001,5.0,6.0
CHEMBL3633455,CC(=O)N[C@H]1[C@@H](O[C@H](C)[C@H](NC(=O)[C@H](Cc2ccccc2)NC(=O)[C@H](CCCNC(=N)N)NC(=O)[C@@H](N)CCC(N)=O)C(=O)N[C@@H](CCCNC(=N)N)C(=O)O)O[C@H](CO)[C@@H](O)[C@@H]1O,4.0,-6.28,910.0,inactive,909.9999999999998,-6.278960000000017,17.0,15.0
CHEMBL377618,CCCC(CC1(C(=O)NCc2nnc(C)s2)CCCC1)C(=O)O,6.154901959985743,2.91,339.46,active,339.4610000000001,2.9141200000000005,2.0,5.0
CHEMBL379935,CCCC(CC1(C(=O)Nc2nnc(Cc3ccccc3)s2)CCCC1)C(=O)O,7.522878745280337,4.52,401.53,active,401.5320000000002,4.518800000000003,2.0,5.0
CHEMBL213964,CCCC(CC1(C(=O)Nc2nnc(CC(C)C)s2)CCCC1)C(=O)O,6.906578314837765,4.13,367.52,active,367.5150000000002,4.126500000000003,2.0,5.0
CHEMBL4474653,O=C(O)CCC(=O)N[C@@H](CC(=O)O)Cc1ccc(-c2ccccc2Cl)cc1,8.096910013008056,3.37,389.84,active,389.83500000000004,3.373800000000002,3.0,3.0
CHEMBL4568947,O=C(O)CCC(=O)N[C@@H](CC(=O)O)Cc1ccc(-c2cccc([N+](=O)[O-])c2)cc1,7.585026652029182,2.63,400.39,active,400.3870000000001,2.6286000000000005,3.0,5.0
CHEMBL4459630,O=C(O)CCC(=O)N[C@@H](CC(=O)O)Cc1ccc(-c2cc(F)cc(Cl)c2)cc1,7.267606240177032,3.51,407.83,active,407.82500000000005,3.512900000000002,3.0,3.0
CHEMBL2171392,Cc1ccccc1[C@H](CC(=O)O)NC(=O)c1cc(OC[C@H](O)C(C)(C)C)n(-c2ccccc2F)n1,6.0,4.05,483.54,active,483.54000000000025,4.051420000000003,3.0,6.0
CHEMBL4548017,COc1c(Cl)cccc1-c1ccc(C[C@H](CC(=O)O)NC(=O)CCC(=O)O)cc1,5.378615971518347,3.38,419.86,inactive,419.86100000000016,3.3824000000000005,3.0,4.0
CHEMBL3145333,O=C(O)CC(NC(=O)c1cc(=O)n(-c2ccc(Cl)cc2)[nH]1)c1cc(Cl)ccc1Cl,6.522878745280337,4.07,454.7,active,454.6970000000001,4.071600000000002,3.0,4.0
CHEMBL3890914,O=C(O)C[C@@H](Cc1ccc(-c2cc(Cl)ccc2F)cc1)NC(=O)CCP(=O)(O)O,9.958607314841775,3.22,443.8,active,443.79500000000013,3.215900000000003,4.0,3.0
CHEMBL27111,NCCCCC(NC(=O)C(Cc1ccccc1)CP(=O)(O)[C@H](Cc1ccccc1)NC(=O)OCc1ccccc1)C(=O)O,4.0,4.31,609.66,inactive,609.6600000000003,4.309300000000002,5.0,6.0
CHEMBL357311,O=C1N[C@H](C(=O)O)CCCCCc2ccccc2C[C@H]1CS,8.397940008672037,2.46,321.44,active,321.442,2.461,3.0,3.0
CHEMBL3633450,N=C(N)NCCC[C@H](NC(=O)[C@@H](N)CCC(N)=O)C(=O)N[C@@H](Cc1ccccc1)C(=O)N[C@@H](CO)C(=O)N[C@@H](CCCCN)C(=O)O,4.455931955649724,-3.77,664.76,inactive,664.7649999999999,-3.769729999999999,12.0,10.0
CHEMBL39997,O=C(NCCc1ccccc1)[C@H](CC#Cc1ccccc1F)NCP(=O)(O)O,4.721246399047171,2.02,404.38,inactive,404.37800000000004,2.0195999999999996,4.0,3.0
CHEMBL66481,O=C(N[C@H]1CCC(=O)N2CCC[C@@H](C(=O)O)N2C1=O)[C@@H](S)Cc1ccccc1,7.795880017344075,0.63,405.48,active,405.47600000000006,0.6253000000000006,3.0,5.0
CHEMBL327799,C[C@H](O)[C@H](NCP(=O)(O)O)C(=O)N[C@@H](Cc1ccc(-c2ccccc2)cc1)C(=O)O,6.0,0.94,436.4,active,436.4010000000001,0.9397000000000004,6.0,5.0
CHEMBL3221955,COC(=O)[C@@H](CC(=O)N[C@@H](CO)C(=O)O)CC(C)C,3.0,-0.23,275.3,inactive,275.30100000000004,-0.22649999999999948,3.0,5.0
CHEMBL319744,O=C(NC1CCc2cccc3c2N(C1=O)[C@H](C(=O)O)C3)[C@@H](S)Cc1ccc(-c2ccccc2)cc1,6.0,3.67,486.59,active,486.5930000000002,3.668000000000002,3.0,4.0
CHEMBL54036,O=C(O)CN1C(=O)[C@@H](NC(=O)[C@@H](S)Cc2ccccc2)COc2ccccc21,8.508638306165727,1.52,400.46,active,400.45600000000013,1.5225,3.0,5.0
CHEMBL420253,O=C(O)[C@H](Cc1ccc(-c2ccccc2)cc1)NC(=O)[C@H](Cc1ccc(O)cc1)NCP(=O)(O)O,6.645891560852599,2.51,498.47,active,498.4720000000002,2.507200000000001,6.0,5.0
CHEMBL415932,CC(C)C[C@H](S)C(=O)N[C@H]1CCc2ccccc2N(CC(=O)O)C1=O,8.154901959985743,1.88,364.47,active,364.46700000000016,1.8797000000000001,3.0,4.0
CHEMBL28153,O=C(O)CC[C@@H](NC(=O)C(Cc1ccccc1)CP(=O)(O)[C@H](Cc1ccccc1)NC(=O)OCc1ccccc1)C(=O)O,4.0,4.05,610.6,inactive,610.6000000000004,4.045100000000002,5.0,6.0
CHEMBL3221965,CC(C)C[C@@H](CC(=O)O)C(=O)N[C@@H](CO)C(=O)O,7.199970640755866,-0.31,261.27,active,261.274,-0.3148999999999998,4.0,4.0
CHEMBL3633449,N=C(N)NCCC[C@H](NC(=O)[C@H](CO)NC(=O)[C@H](Cc1ccccc1)NC(=O)[C@H](CCCCN)NC(=O)[C@@H](N)CCC(N)=O)C(=O)O,4.301029995663981,-3.77,664.76,inactive,664.7650000000001,-3.76973,12.0,10.0
CHEMBL3633454,CC(=O)N[C@H]1[C@H](OC[C@H](NC(=O)[C@H](Cc2ccccc2)NC(=O)[C@H](CCCNC(=N)N)NC(=O)[C@@H](N)CCC(N)=O)C(=O)N[C@@H](CCCNC(=N)N)C(=O)O)O[C@H](CO)[C@@H](O)[C@@H]1O,4.0,-6.67,895.97,inactive,895.9729999999998,-6.66746000000002,17.0,15.0
CHEMBL268761,O=P(O)(O)C(Cc1cccc2cccnc12)N[C@@H](Cc1ccc(-c2ccccc2)cc1)c1nnn[nH]1,8.835647144215564,4.03,500.5,active,500.4990000000002,4.034800000000002,4.0,6.0
CHEMBL3677669,C[C@H](C[C@@H](Cc1ccc(-c2ccccc2)cc1)NC(=O)NCC(=O)O)C(=O)O,7.031517051446065,2.76,384.43,active,384.4320000000002,2.7592999999999996,4.0,3.0
CHEMBL3677670,C[C@H](C[C@@H](Cc1ccc(-c2ccccc2)cc1)NC(=O)n1ccc(C(=O)O)n1)C(=O)O,6.847711655616943,3.53,421.45,active,421.4530000000002,3.5281000000000002,3.0,5.0
CHEMBL50480,C[C@H](S)C(=O)N[C@H]1CCc2ccccc2N(CC(=O)O)C1=O,5.732828271596986,0.85,322.39,inactive,322.3860000000001,0.8534999999999997,3.0,4.0
CHEMBL273672,CC(c1ccc(N)cc1)C(CS)C(=O)NC(Cc1ccc(O)cc1)C(=O)O,7.795880017344075,2.44,388.49,active,388.4890000000001,2.436,5.0,5.0
CHEMBL299639,O=C(O)CN1C(=O)[C@@H](NC(=O)[C@@H](S)Cc2ccccc2)CCc2ccccc21,8.221848749616356,2.08,398.48,active,398.48400000000015,2.0763,3.0,4.0
CHEMBL9963,O=P(O)(O)C(Cc1cccc2ccccc12)N[C@H](Cc1ccc(-c2ccccc2)cc1)c1nnn[nH]1,8.05551732784983,4.64,499.51,active,499.5110000000002,4.639800000000004,4.0,5.0
CHEMBL193490,O=C(S[C@@H]1C[C@@H](COCc2cc(F)c(F)cc2F)N(C(=O)Oc2cccc3c2OCCO3)C1)c1ccccc1,4.0,5.61,559.56,inactive,559.5620000000004,5.607200000000005,0.0,7.0
CHEMBL2171393,CC(C)(C)[C@@H](O)COc1cc(C(=O)N[C@@H](CC(=O)O)c2ccc(Cl)cc2Cl)nn1-c1ccccc1F,6.0,5.05,538.4,active,538.4030000000002,5.049800000000004,3.0,6.0
CHEMBL212409,CCCC(CC1(NC(=O)C2Cc3ccccc3C2)CCCC1)C(=O)O,5.522878745280337,3.72,343.47,inactive,343.46700000000016,3.721400000000002,2.0,2.0
CHEMBL290332,O=C(NCCCc1ccccc1)[C@H](CC#Cc1ccc(F)cc1F)NCP(=O)(O)O,6.1938200260161125,2.55,436.4,active,436.3950000000001,2.5488000000000017,4.0,3.0
CHEMBL329474,O=C(NC1CCc2cccc3c2N(C1=O)[C@H](C(=O)O)C3)[C@@H](S)C1CCCCC1,6.0,2.34,402.52,active,402.51600000000025,2.3385999999999996,3.0,4.0
CHEMBL257416,CCC(CC)CN(C[C@H](O)C(=O)O)C(=O)N[C@@H](Cc1ccc2ccccc2c1)C(=O)O,7.443697499232712,2.73,430.5,active,430.5010000000002,2.7288000000000006,4.0,4.0
CHEMBL65545,O=C(N[C@H]1CCCN2CCC[C@@H](C(=O)O)N2C1=O)[C@@H](S)Cc1ccccc1,8.522878745280337,1.1,391.49,active,391.49300000000005,1.0987000000000007,3.0,5.0
CHEMBL2112403,O=C(N[C@H]1CCc2cccc3c2N(C1=O)[C@H](C(=O)O)C3)[C@@H](S)Cc1ccccc1,7.318758762624412,2.0,410.5,active,410.4950000000001,2.001,3.0,4.0
CHEMBL90545,CC[C@@H](C)[C@H](NCP(=O)(O)O)C(=O)N[C@@H](Cc1ccc(-c2ccccc2)cc1)C(=O)O,8.698970004336019,2.61,448.46,active,448.45600000000013,2.6050000000000004,5.0,4.0
CHEMBL92326,O=C(O)[C@H](Cc1ccc(-c2ccccc2)cc1)NC(=O)[C@H](Cc1ccc2ccccc2c1)NCP(=O)(O)O,6.549750891680639,3.95,532.53,active,532.5330000000004,3.9548000000000036,5.0,4.0
CHEMBL2171398,Cc1ccccc1[C@H](CC(=O)O)NC(=O)c1cc(OCC2CC2)n(-c2ccccc2F)n1,4.568636235841013,4.05,437.47,inactive,437.47100000000023,4.054420000000002,2.0,5.0
CHEMBL99861,O=C(O)[C@@H]1Cc2cccc3c2N1C(=O)C(NC(=O)C1(S)CCCC1)CC3,6.0,1.7,374.46,active,374.4620000000003,1.7025,3.0,4.0
CHEMBL257251,CC(C)CN(CCP(=O)(O)O)C(=O)N[C@@H](Cc1ccc2ccccc2c1)C(=O)O,8.221848749616356,2.68,422.42,active,422.4180000000001,2.6808000000000005,4.0,3.0
CHEMBL273142,CC(C)(C)CN(C[C@H](O)C(=O)O)C(=O)N[C@@H](Cc1ccc2ccccc2c1)C(=O)O,8.301029995663981,2.34,416.47,active,416.47400000000016,2.3387,4.0,4.0
CHEMBL2024267,N=C(N)NCCC[C@H](NC(=O)[C@H](CO)NC(=O)[C@@H](NC(=O)[C@H](CCCNC(=N)N)NC(=O)[C@@H](N)CCC(N)=O)c1ccccc1)C(=O)O,4.0,-4.51,678.75,inactive,678.7520000000003,-4.505460000000011,14.0,10.0
CHEMBL322069,CC(=O)SCC(C)C(=O)Nc1ccccc1,4.698970004336019,2.54,237.32,inactive,237.324,2.5409000000000006,1.0,3.0
CHEMBL298647,O=C(CN1Cc2c(Cl)cccc2NC1=O)NO,4.0,1.19,255.66,inactive,255.66100000000003,1.1928999999999998,3.0,3.0
CHEMBL212572,CCCC(CC1(C(=O)Nc2nnc(CC)s2)CCCC1)C(=O)O,7.221848749616356,3.49,339.46,active,339.4610000000001,3.490400000000002,2.0,5.0
CHEMBL212771,CCCC(CC1(C(=O)Nc2cc(Cc3ccccc3)ccn2)CCCC1)C(=O)O,7.017728766960431,5.06,394.52,active,394.5150000000002,5.062300000000003,2.0,3.0
CHEMBL53879,C[C@H]1Oc2ccccc2N(CC(=O)O)C(=O)[C@H]1NC(=O)[C@@H](S)Cc1ccccc1,6.928117992693875,1.91,414.48,active,414.48300000000006,1.9109999999999998,3.0,5.0
CHEMBL11227,CC(c1ccc(O)cc1)C(CS)C(=O)NC(Cc1ccc(O)cc1)C(=O)O,8.045757490560675,2.56,389.47,active,389.47300000000007,2.5594,5.0,5.0
CHEMBL147185,O=C1N[C@H](C(=O)O)CCCCCc2cccc(c2)C[C@@H]1CS,8.096910013008056,2.46,321.44,active,321.442,2.461,3.0,3.0
CHEMBL278754,O=C(N[C@@H](Cc1ccccc1)P(=O)(O)CC(Cc1ccccc1)C(=O)NC(Cc1ccc(O)cc1)C(=O)O)OCc1ccccc1,5.638272163982407,5.13,644.66,inactive,644.6610000000002,5.128600000000004,5.0,6.0
CHEMBL146936,O=C(O)[C@H](Cc1ccc2c(c1)oc1ccccc12)NCP(=O)(O)O,5.638272163982407,2.31,349.28,inactive,349.27900000000005,2.3065000000000007,4.0,4.0
CHEMBL213240,CCCC(CC1(C(=O)N[C@H]2CC[C@@H](C(=O)N(C)C)CC2)CCCC1)C(=O)O,6.431798275933005,3.2,380.53,active,380.5290000000003,3.2010000000000014,2.0,3.0
CHEMBL1829586,Cc1ccc(C[C@H](N[C@@H](CCc2ccccc2)C(=O)O)C(=O)NC[C@H](C)C(=O)O)cc1,6.366531544420414,2.42,426.51,active,426.51300000000015,2.4186199999999998,4.0,4.0
CHEMBL211897,CCCNc1ccnc(NC(=O)C2(CC(CCC)C(=O)O)CCCC2)n1,5.698970004336019,3.69,362.47,inactive,362.47400000000016,3.6884000000000023,3.0,5.0
CHEMBL4439270,CC(C)(C[C@@H](Cc1ccc(-c2ccccc2)cc1)NC(=O)CCC(=O)O)C(=O)O,7.698970004336019,3.75,397.47,active,397.47100000000023,3.746600000000001,3.0,3.0
CHEMBL4557208,Cc1cccc(-c2ccc(C[C@H](CC(=O)O)NC(=O)CCC(=O)O)cc2)c1,8.795880017344075,3.03,369.42,active,369.41700000000014,3.0288200000000005,3.0,3.0
CHEMBL4465277,O=C(O)CCC(=O)N[C@@H](CC(=O)O)Cc1ccc(-c2ccc(F)cc2)cc1,5.823908740944319,2.86,373.38,inactive,373.38000000000005,2.8595000000000015,3.0,3.0
CHEMBL208888,CCCC(CC1(C(=O)Nc2cn(CC)nn2)CCCC1)C(=O)O,7.086186147616283,2.69,322.41,active,322.4090000000001,2.687900000000001,2.0,5.0
CHEMBL417326,O=C(O)Cc1c[nH]c(NC(=O)[C@H](Cc2ccc(-c3ccccc3)cc2)CC(COc2ccccc2)C(=O)O)n1,6.661543506395395,4.67,527.58,active,527.5770000000002,4.671100000000004,4.0,5.0
CHEMBL149841,O=C1N[C@H](C(=O)O)CCCCCCc2ccccc2C[C@@H]1CS,6.649751981665837,2.85,335.47,active,335.46900000000005,2.851100000000001,3.0,3.0
CHEMBL51498,O=C(O)CN1C(=O)[C@@H](NC(=O)[C@@H](CS)Cc2ccccc2)CCc2ccccc21,8.67778070526608,2.32,412.51,active,412.51100000000014,2.3239,3.0,4.0
CHEMBL212374,CCCC(CC1(c2nnc(-c3ccc(=O)n(Cc4ccccc4)c3)o2)CCCC1)C(=O)O,5.9434762759209,4.65,435.52,inactive,435.5240000000003,4.6494000000000035,1.0,6.0
CHEMBL342091,O=C1N[C@H](C(=O)O)CCCCCc2ccccc2C[C@@H]1CS,8.522878745280337,2.46,321.44,active,321.442,2.461,3.0,3.0
CHEMBL282118,O=C(N[C@@H](Cc1ccccc1)P(=O)(O)CC(Cc1ccccc1)C(=O)N[C@H](Cc1ccccc1)C(=O)O)OCc1ccccc1,4.221848749616356,5.42,628.66,inactive,628.6620000000001,5.4230000000000045,4.0,5.0
CHEMBL27164,CC(NC(=O)C(Cc1ccccc1)CP(=O)(O)[C@H](Cc1ccccc1)NC(=O)OCc1ccccc1)C(=O)O,6.522878745280337,4.2,552.56,active,552.5640000000003,4.200200000000002,4.0,5.0
CHEMBL1560,C[C@H](CS)C(=O)N1CCC[C@H]1C(=O)O,3.0809219076239263,0.63,217.29,inactive,217.28999999999996,0.6279000000000001,2.0,3.0
CHEMBL328463,O=C(O)[C@H](Cc1ccc(-c2ccccc2)cc1)NC(=O)[C@H](Cc1ccc2c(c1)OCO2)NCP(=O)(O)O,7.318758762624412,2.53,526.48,active,526.4820000000003,2.5303000000000004,5.0,6.0
CHEMBL3633452,N=C(N)NCCC[C@H](NC(=O)[C@@H](N)CCC(N)=O)C(=O)N[C@@H](Cc1ccccc1)C(=O)N[C@@H](CO)C(=O)N[C@@H](CCCNC(N)=O)C(=O)O,4.0,-4.45,693.76,inactive,693.7629999999999,-4.450230000000001,13.0,10.0
CHEMBL3633453,CC(=O)N[C@H]1[C@@H](OC[C@H](NC(=O)[C@H](Cc2ccccc2)NC(=O)[C@H](CCCNC(=N)N)NC(=O)[C@@H](N)CCC(N)=O)C(=O)N[C@@H](CCCNC(=N)N)C(=O)O)O[C@H](CO)[C@@H](O)[C@@H]1O,4.0,-6.67,895.97,inactive,895.9729999999998,-6.66746000000002,17.0,15.0
CHEMBL34427,O=C(O)Cc1csc(NC(=O)[C@H](Cc2ccc(-c3ccccc3)cc2)C[C@H](COc2ccccc2)C(=O)O)n1,8.481486060122112,5.4,544.63,active,544.6290000000002,5.404500000000005,3.0,6.0
CHEMBL3221961,COC(=O)[C@H](CC(C)C)NC(=O)N[C@@H](CO)C(=O)O,3.0,-0.68,276.29,inactive,276.289,-0.681199999999998,4.0,5.0
CHEMBL3221962,COC(=O)[C@H](CC(C)C)NC(=O)N[C@H](CO)C(=O)O,3.0,-0.68,276.29,inactive,276.289,-0.681199999999998,4.0,5.0
CHEMBL3221963,CC(C)C[C@@H](CC(=O)N[C@@H](CO)C(=O)O)C(=O)O,6.0999990348465305,-0.31,261.27,active,261.27399999999994,-0.3148999999999998,4.0,4.0
CHEMBL3221964,CC(C)C[C@H](CC(=O)N[C@@H](CO)C(=O)O)C(=O)O,3.0,-0.31,261.27,inactive,261.27399999999994,-0.3148999999999998,4.0,4.0
CHEMBL37861,O=C(NCc1ccccc1)[C@H](CC#Cc1ccccc1F)NCP(=O)(O)O,4.259637310505756,1.98,390.35,inactive,390.35100000000006,1.9771,4.0,3.0
CHEMBL1778535,COCC[C@H](NC1(C(=O)N[C@@H](Cc2nnc(-c3ccccc3)o2)C(=O)O)CCCC1)C(=O)O,8.221848749616356,1.24,460.49,active,460.4870000000003,1.2406000000000008,4.0,8.0
CHEMBL299169,O=C(O)CN1CCCC[C@H](NC(=O)[C@@H](S)Cc2ccccc2)C1=O,7.086186147616283,1.11,350.44,active,350.4400000000001,1.1093999999999993,3.0,4.0
CHEMBL2062138,COCCOCC(CC1(C(=O)N[C@H]2CC[C@@H](C(=O)O)CC2)CCCC1)C(=O)Oc1ccc2c(c1)CCC2,7.187086643357144,4.07,515.65,active,515.6470000000004,4.070000000000002,2.0,6.0
CHEMBL37539,O=C(O)CNC(=O)[C@H](Cc1ccc(-c2ccccc2)cc1)C[C@H](COc1ccccc1)C(=O)O,8.229147988357855,3.88,461.51,active,461.51400000000024,3.8830000000000027,3.0,4.0
CHEMBL2022228,C[C@H](NC(=O)[C@H](CCCNC(=N)N)NC(=O)[C@@H](N)CCC(N)=O)C(=O)N[C@@H](CO)C(=O)N[C@@H](CCCNC(=N)N)C(=O)O,4.0,-5.86,616.68,inactive,616.6810000000003,-5.858260000000009,14.0,10.0
CHEMBL2022237,N=C(N)NCCC[C@H](NC(=O)[C@H](CO)NC(=O)[C@H](Cc1c(F)c(F)c(F)c(F)c1F)NC(=O)[C@H](CCCNC(=N)N)NC(=O)[C@@H](N)CCC(N)=O)C(=O)O,4.0,-3.94,782.73,inactive,782.7289999999997,-3.939960000000001,14.0,10.0
CHEMBL290304,NCCc1c(NC(=O)[C@H](CC#Cc2ccccc2F)NCP(=O)(O)O)[nH]c2ccccc12,5.0,2.28,458.43,inactive,458.43000000000006,2.2818999999999994,6.0,4.0
CHEMBL289638,O=C(NCCc1ccccc1)[C@H](CC#Cc1ccc(F)cc1F)NCP(=O)(O)O,4.823908740944319,2.16,422.37,inactive,422.36800000000005,2.1586999999999996,4.0,3.0
CHEMBL51780,O=C(O)CN1C(=O)[C@@H](NC(=O)[C@@H](CS)Cc2ccccc2)CSc2ccccc21,9.0,2.48,430.55,active,430.5510000000001,2.4834000000000005,3.0,5.0
CHEMBL147847,CC(C)C[C@H](NC(=O)[C@H](CC#Cc1ccc(F)cc1F)NCP(=O)(O)O)C(=O)N[C@@H](C)C(=O)O,5.236572006437063,0.92,503.44,inactive,503.43900000000014,0.9199999999999999,6.0,5.0
CHEMBL379950,CCCC(CC1(c2nnc(Cc3ccccc3)o2)CCCC1)C(=O)O,5.508638306165727,4.36,342.44,inactive,342.4390000000002,4.363200000000003,1.0,4.0
CHEMBL379563,CCCC(CC1(C(=O)Nc2nnc(-c3ccccc3)s2)CCCC1)C(=O)O,6.548213564475709,4.6,387.51,active,387.5050000000002,4.595000000000002,2.0,5.0
CHEMBL209493,CCCC(CC1(C(=O)Nc2nnc(C)s2)CCCC1)C(=O)O,6.7544873321858505,3.24,325.43,active,325.4340000000001,3.2364200000000016,2.0,5.0
CHEMBL3677674,C[C@H](C[C@@H](Cc1ccc(-c2cccc(Cl)c2)cc1)NC(=O)c1ccc(C(=O)O)o1)C(=O)O,9.522878745280337,4.75,455.89,active,455.89400000000023,4.750100000000003,3.0,4.0
CHEMBL2022231,N=C(N)NCCC[C@H](NC(=O)[C@H](CO)NC(=O)[C@H](Cc1ccccc1F)NC(=O)[C@H](CCCNC(=N)N)NC(=O)[C@@H](N)CCC(N)=O)C(=O)O,4.318758762624412,-4.5,710.77,inactive,710.7689999999999,-4.4963600000000055,14.0,10.0
CHEMBL2021931,N=C(N)NCCC[C@H](NC(=O)[C@H](CO)NC(=O)[C@H](Cc1ccc(F)cc1)NC(=O)[C@H](CCCNC(=N)N)NC(=O)[C@@H](N)CCC(N)=O)C(=O)O,4.0,-4.5,710.77,inactive,710.7689999999999,-4.4963600000000055,14.0,10.0
CHEMBL2022238,N=C(N)NCCC[C@H](NC(=O)[C@H](CO)NC(=O)[C@@H](Cc1ccccc1)NC(=O)[C@H](CCCNC(=N)N)NC(=O)[C@@H](N)CCC(N)=O)C(=O)O,4.0,-4.64,692.78,inactive,692.779,-4.635460000000007,14.0,10.0
CHEMBL425383,Cc1ccc(S(=O)(=O)N(C)NC(=O)C2C[C@@H](S)CN2S(=O)(=O)c2ccc3ccccc3c2)cc1,4.406713932979542,2.56,519.67,inactive,519.6700000000002,2.56152,2.0,6.0
CHEMBL2022229,C[C@H](NC(=O)[C@H](Cc1ccccc1)NC(=O)[C@H](CCCNC(=N)N)NC(=O)[C@@H](N)CCC(N)=O)C(=O)N[C@@H](CCCNC(=N)N)C(=O)O,4.4089353929735005,-3.61,676.78,inactive,676.7800000000001,-3.607860000000011,13.0,9.0
CHEMBL2022230,C[C@H](NC(=O)[C@H](CO)NC(=O)[C@H](Cc1ccccc1)NC(=O)[C@H](CCCNC(=N)N)NC(=O)[C@@H](N)CCC(N)=O)C(=O)O,4.481486060122113,-3.88,607.67,inactive,607.6690000000002,-3.8788300000000024,11.0,9.0
CHEMBL301364,O=C(O)CCN1C(=O)[C@@H](NC(=O)[C@@H](S)Cc2ccccc2)CCc2ccccc21,8.619788758288394,2.47,412.51,active,412.5110000000002,2.4664,3.0,4.0
CHEMBL2022226,C[C@H](N)C(=O)N[C@@H](CCCNC(=N)N)C(=O)N[C@@H](Cc1ccccc1)C(=O)N[C@@H](CO)C(=O)N[C@@H](CCCNC(=N)N)C(=O)O,4.154901959985743,-3.88,635.73,inactive,635.7270000000001,-3.8810600000000015,13.0,9.0
CHEMBL4515703,CCCCc1nc(Cl)c(CNC(=O)C(CS)CCCC)n1Cc1ccc(-c2ccccc2C(=O)O)cc1,6.199998172182031,6.65,542.15,active,542.1450000000004,6.645000000000008,3.0,5.0
CHEMBL4456519,CCCOc1nc(CC)c(CNC(=O)[C@@H](S)CC(C)C)n1Cc1ccc(-c2ccccc2C(=O)O)cc1,9.0,5.61,523.7,active,523.6990000000003,5.608500000000005,3.0,6.0
CHEMBL4591218,CCOc1nc(CC)c(CNC(=O)[C@@H](CS)CC(C)C)n1Cc1ccc(-c2ccccc2C(=O)O)cc1,7.50003813440381,5.47,523.7,active,523.6990000000003,5.466000000000005,3.0,6.0
CHEMBL4543532,CCOc1nc(CC)c(CNC(=O)[C@@H](S)CC(C)C)n1Cc1cc(F)c(-c2ccccc2C(=O)O)cc1F,7.79997073344623,5.5,545.65,active,545.6520000000004,5.496600000000005,3.0,6.0
CHEMBL198316,O=C(N[C@H]1Cc2ccccc2C2CCC[C@H](C(=O)O)N2C1=O)[C@H](S)Cc1ccccc1,10.096910013008056,2.78,438.55,active,438.5490000000001,2.775400000000001,3.0,4.0
CHEMBL328737,CC[C@H](C)C(NCC(=O)O)C(=O)N[C@@H](Cc1ccc(-c2ccccc2)cc1)C(=O)O,6.698970004336019,2.55,412.49,active,412.4860000000001,2.5544000000000002,4.0,4.0
CHEMBL4067185,C[C@H](N[C@@H](CCc1ccccc1)C(=O)O)C(=O)N1C[C@@H](NC(=O)C[C@H](N)Cc2cc(F)c(F)cc2F)C[C@H]1C(=O)O,4.0,1.6,578.59,inactive,578.5880000000003,1.5982000000000023,5.0,6.0
CHEMBL36382,CC(C)[C@H](NC(=O)[C@H](CC#Cc1ccccc1F)NCP(=O)(O)O)C(=O)O,5.200659450546418,0.89,400.34,inactive,400.3430000000001,0.8860999999999997,5.0,4.0
CHEMBL417507,O=C(NCCc1ccc(Br)cc1)[C@H](CC#Cc1ccccc1F)NCP(=O)(O)O,4.3979400086720375,2.78,483.27,inactive,483.2740000000001,2.7821000000000016,4.0,3.0
CHEMBL448098,O=C(O)[C@H](CC#Cc1ccccc1F)NCP(=O)(O)O,4.958607314841775,0.75,301.21,inactive,301.21000000000004,0.7452999999999999,4.0,3.0
CHEMBL11495,O=C(NC(Cc1ccc(O)cc1)C(=O)O)C(CS)Cc1ccccc1,8.698970004336019,2.29,359.45,active,359.44700000000006,2.2927999999999997,4.0,4.0
CHEMBL299946,O=C(CN1Cc2c(Cl)cccc2NS1(=O)=O)NO,4.0,0.32,291.72,inactive,291.716,0.3176999999999998,3.0,4.0
CHEMBL2029395,N=C(N)NCCC[C@H](NC(=O)[C@@H](N)CCC(N)=O)C(=O)N[C@@H](Cc1ccccc1)C(=O)N[C@@H](CO)C(=O)O,4.0,-3.38,536.59,inactive,536.5900000000003,-3.383529999999993,10.0,8.0
CHEMBL191879,CC(=O)S[C@@H]1C[C@@H](COCc2cc(F)c(F)cc2F)N(C(=O)Oc2cccc3c2OCCO3)C1,4.0,4.31,497.49,inactive,497.49100000000027,4.3133000000000035,0.0,7.0
CHEMBL93180,O=C(O)[C@H](Cc1ccc(-c2ccccc2)cc1)NC(=O)[C@H](Cc1ccccc1)NCP(=O)(O)O,7.455931955649724,2.8,482.47,active,482.4730000000002,2.8016000000000014,5.0,4.0
CHEMBL330507,O=C(O)[C@H](Cc1ccc(-c2ccccc2)cc1)NC(=O)[C@H](Cc1cccs1)NCP(=O)(O)O,7.136677139879544,2.86,488.5,active,488.5020000000002,2.863100000000001,5.0,5.0
CHEMBL4086264,CC[C@H](N[C@@H](CCc1ccccc1)C(=O)O)C(=O)N1C[C@@H](NC(=O)C[C@H](N)Cc2cc(F)c(F)cc2F)C[C@H]1C(=O)O,4.0,1.99,592.62,inactive,592.6150000000002,1.988300000000002,5.0,6.0
CHEMBL319836,CC[C@@H](C)[C@H](S)C(=O)NC1CCc2cccc3c2N(C1=O)[C@H](C(=O)O)C3,6.0,1.8,376.48,active,376.4780000000002,1.8043999999999998,3.0,4.0
CHEMBL37456,O=C(NCCc1ccccn1)[C@H](CC#Cc1ccc(F)cc1F)NCP(=O)(O)O,5.0,1.55,423.36,inactive,423.35600000000005,1.5536999999999996,4.0,4.0
CHEMBL177000,COC(=O)c1ccccc1NC(=O)CN(C)C(=O)C1C[C@@H](S)CN1S(=O)(=O)c1ccc2ccccc2c1,4.086716098239582,2.78,541.65,inactive,541.6510000000002,2.7849000000000004,2.0,7.0
CHEMBL1778527,CCC[C@H](NC1(C(=O)N[C@@H](Cc2nc(CC)co2)C(=O)O)CCCC1)C(=O)O,7.657577319177793,1.5,395.46,active,395.45600000000024,1.5045999999999997,4.0,6.0
CHEMBL300016,C[C@H](NC(=O)[C@@H](S)Cc1ccccc1)C(=O)N(CC(=O)O)c1ccccc1,6.863279432843593,2.15,386.47,active,386.4730000000001,2.1500000000000004,3.0,4.0
CHEMBL93206,CC(C)(C)[C@H](NCP(=O)(O)O)C(=O)N[C@@H](Cc1ccc(-c2ccccc2)cc1)C(=O)O,6.0,2.61,448.46,active,448.45600000000013,2.6050000000000004,5.0,4.0
CHEMBL100044,C[C@H](S)C(=O)NC1CCc2cccc3c2N(C1=O)[C@H](C(=O)O)C3,6.0,0.78,334.4,active,334.3970000000001,0.7781999999999998,3.0,4.0
CHEMBL4592467,Cc1ccccc1-c1ccc(C[C@H](CC(=O)O)NC(=O)CCC(=O)O)cc1,7.671620396561262,3.03,369.42,active,369.41700000000014,3.0288200000000005,3.0,3.0
CHEMBL1829583,O=C(O)CCNC(=O)[C@H](Cc1ccc(-c2ccccc2)cc1)NCC(=O)O,8.013228265733755,1.53,370.4,active,370.4050000000001,1.5297999999999998,4.0,4.0
CHEMBL1829584,O=C(O)CCNC(=O)[C@H](Cc1ccc(-c2ccccc2)cc1)N[C@@H](CCc1ccccc1)C(=O)O,9.443697499232712,3.53,474.56,active,474.5570000000002,3.531200000000002,4.0,4.0
CHEMBL4437331,CCCCc1nc(CC(C)C)c(CNC(=O)[C@@H](CS)CC(C)C)n1Cc1ccc(-c2ccccc2C(=O)O)cc1,6.900008766455316,7.05,563.81,active,563.8080000000003,7.046000000000009,3.0,5.0
CHEMBL3676155,O=C(O)CCC(=O)N[C@@H](CC(=O)O)Cc1ccc(-c2ccccc2)cc1,7.6020599913279625,2.72,355.39,active,355.39000000000004,2.7204000000000006,3.0,3.0
CHEMBL4475874,Nc1cccc(-c2ccc(C[C@H](CC(=O)O)NC(=O)CCC(=O)O)cc2)c1,7.356547323513812,2.3,370.41,active,370.40500000000014,2.3026,4.0,4.0
CHEMBL416522,Cc1ccccc1C(C)C(CS)C(=O)NC(Cc1ccc(O)cc1)C(=O)O,7.958607314841775,3.16,387.5,active,387.5010000000001,3.1622200000000005,4.0,4.0
CHEMBL415967,O=P(O)(O)C(Cc1ccc2ccccc2c1)N[C@@H](Cc1ccc(-c2ccccc2)cc1)c1nnn[nH]1,8.161150909262744,4.64,499.51,active,499.5110000000002,4.639800000000004,4.0,5.0
CHEMBL4465325,CCOc1nc(CC)c(CNC(=O)[C@@H](S)CC(C)C)n1Cc1ccc(-c2ccccc2C(=O)O)cc1,9.0,5.22,509.67,active,509.6720000000003,5.218400000000004,3.0,6.0
CHEMBL418704,O=P(O)(O)C(Cc1ccccc1)N[C@H](Cc1ccc(-c2ccccc2)cc1)c1nnn[nH]1,7.769551078621726,3.49,449.45,active,449.45100000000014,3.486600000000001,4.0,5.0
CHEMBL2024266,N=C(N)NCCC[C@H](NC(=O)[C@H](CO)NC(=O)[C@H](CCc1ccccc1)NC(=O)[C@H](CCCNC(=N)N)NC(=O)[C@@H](N)CCC(N)=O)C(=O)O,4.154901959985743,-4.25,706.81,inactive,706.8059999999999,-4.245360000000007,14.0,10.0
CHEMBL3221956,COC(=O)[C@H](CC(=O)N[C@H](CO)C(=O)O)CC(C)C,3.0,-0.23,275.3,inactive,275.30100000000004,-0.22649999999999948,3.0,5.0
CHEMBL3221957,COC(=O)[C@@H](CC(=O)N[C@H](CO)C(=O)O)CC(C)C,3.0,-0.23,275.3,inactive,275.30100000000004,-0.22649999999999948,3.0,5.0
CHEMBL211383,CCC[C@@H](CC1(C(=O)NC2(CO)Cc3ccccc3C2)CCCC1)C(=O)O,6.688246138944246,3.08,373.49,active,373.4930000000003,3.0839000000000008,3.0,3.0
CHEMBL4564942,CCOc1ccccc1-c1ccc(C[C@H](CC(=O)O)NC(=O)CCC(=O)O)cc1,6.384049948343599,3.12,399.44,active,399.4430000000001,3.1191000000000004,3.0,4.0
CHEMBL61566,CCCN1CCC[C@H](NC(=O)[C@@H](S)Cc2ccccc2)C(=O)N1CC(=O)O,5.826813731587726,1.35,393.51,inactive,393.5090000000001,1.3462999999999998,3.0,5.0
CHEMBL379065,CCc1nnc(NC(=O)C2(CC(CCc3ccccc3)C(=O)O)CCCC2)s1,7.337242168318426,4.32,401.53,active,401.5320000000002,4.323100000000004,2.0,5.0
CHEMBL290868,O=C(NCCc1cccc2ccccc12)[C@H](CC#Cc1ccc(F)cc1F)NCP(=O)(O)O,5.207608310501746,3.31,472.43,inactive,472.4280000000001,3.3119000000000023,4.0,3.0
CHEMBL417007,C[C@H](C[C@@H](Cc1ccc(-c2ccccc2)cc1)NC(=O)CCC(=O)O)C(=O)O,7.698970004336019,3.36,383.44,active,383.44400000000024,3.3565000000000005,3.0,3.0
CHEMBL450935,CC(C)CN(C[C@H](O)C(=O)O)C(=O)N[C@@H](Cc1ccc2ccccc2c1)C(=O)O,8.397940008672037,1.95,402.45,active,402.4470000000001,1.9485999999999999,4.0,4.0
CHEMBL2024268,N=C(N)NCCC[C@H](NC(=O)[C@H](CO)NC(=O)[C@H](Cc1ccc(O)cc1)NC(=O)[C@H](CCCNC(=N)N)NC(=O)[C@@H](N)CCC(N)=O)C(=O)O,4.154901959985743,-4.93,708.78,inactive,708.7779999999999,-4.9298600000000095,15.0,11.0
CHEMBL4449166,CCCCc1nc(Cl)c(CNC(=O)[C@H](S)CC(C)C)n1Cc1ccc(-c2ccccc2C(=O)O)cc1,8.599980364934842,6.25,528.12,active,528.1180000000004,6.2533000000000065,3.0,5.0
CHEMBL4438435,CCCCc1nc(Cl)c(CNC(=O)C(CS)C(C)c2ccccc2)n1Cc1ccc(-c2ccccc2C(=O)O)cc1,5.899998417198648,7.26,590.19,inactive,590.1890000000003,7.258500000000008,3.0,5.0
CHEMBL4435800,CCOc1nc(CC)c(CNC(=O)[C@@H](S)CC(C)C)n1Cc1ccc(-c2ccccc2C(=O)O)cc1F,9.199970640755865,5.36,527.66,active,527.6620000000004,5.357500000000005,3.0,6.0
CHEMBL3222111,CC(C)C[C@H](CC(=O)O)C(=O)N[C@@H](CO)C(=O)O,5.200000237109354,-0.31,261.27,inactive,261.274,-0.3148999999999998,4.0,4.0
CHEMBL4438878,CCCOc1nc(CC)c(CNC(=O)[C@@H](CS)CC(C)C)n1Cc1ccc(-c2ccccc2C(=O)O)cc1,7.299988937677887,5.86,537.73,active,537.7260000000003,5.856100000000006,3.0,6.0
CHEMBL4442804,C[C@@H](C[C@@H](Cc1ccc(-c2cccc(Cl)c2)cc1)NC(=O)CCC(=O)O)C(=O)O,8.698970004336019,4.01,417.89,active,417.88900000000024,4.009900000000001,3.0,3.0
CHEMBL3676141,COc1ccccc1-c1ccc(C[C@H](CC(=O)O)NC(=O)CCC(=O)O)cc1,8.346787486224656,2.73,385.42,active,385.4160000000001,2.729,3.0,4.0
CHEMBL298827,O=C(O)CNC(=O)[C@@H](CS)Cc1ccccc1,7.698970004336019,0.98,253.32,active,253.323,0.9758999999999998,3.0,3.0
CHEMBL4456544,CCCCc1nc(C2CC2)c(CNC(=O)[C@@H](CS)CC(C)C)n1Cc1ccc(-c2ccccc2C(=O)O)cc1,6.900008766455316,6.72,547.77,active,547.7650000000003,6.724900000000008,3.0,5.0
CHEMBL4470834,CCCCc1nc(Cl)c(CNC(=O)C(CS)CC(C)C)n1Cc1ccc(-c2ccccc2-c2nnn[nH]2)cc1,5.499999678657065,5.98,566.18,inactive,566.1750000000003,5.982800000000006,3.0,7.0
CHEMBL4451425,CCCCc1nc(Cl)c(CNC(=O)C(CS)Cc2ccc(-c3ccccc3)cc2)n1Cc1ccc(-c2ccccc2C(=O)O)cc1,5.700000503883016,8.36,652.26,inactive,652.2600000000003,8.364500000000007,3.0,5.0
CHEMBL4535256,CCCCc1nc(C)c(CNC(=O)[C@@H](CS)CC(C)C)n1Cc1ccc(-c2ccccc2C(=O)O)cc1,7.100015437450609,6.16,521.73,active,521.7270000000003,6.155920000000006,3.0,5.0
CHEMBL4552884,CCCCc1nc(Cl)c(CNC(=O)C(CS)CC2CCCC2)n1Cc1ccc(-c2ccccc2C(=O)O)cc1,6.0,7.04,568.18,active,568.1830000000004,7.035100000000009,3.0,5.0
CHEMBL3633448,N=C(N)NCCC[C@H](NC(=O)[C@H](CS)NC(=O)[C@H](Cc1ccccc1)NC(=O)[C@H](CCCNC(=N)N)NC(=O)[C@@H](N)CCC(N)=O)C(=O)O,4.0,-3.7,708.85,inactive,708.847,-3.697960000000002,14.0,10.0
CHEMBL4459070,CCCCc1nc(Cl)c(CNC(=O)C(CS)CC2CC2)n1Cc1ccc(-c2ccccc2C(=O)O)cc1,6.499996931948306,6.25,540.13,active,540.1290000000004,6.254900000000007,3.0,5.0
CHEMBL4558883,CCCCc1nc(Cl)c(CNC(=O)C(CS)Cc2ccccc2)n1Cc1ccc(-c2ccccc2-c2nnn[nH]2)cc1,5.700000503883016,6.18,600.19,inactive,600.1920000000001,6.179400000000006,3.0,7.0
CHEMBL4568554,CCCCc1nc(Cl)c(CNC(=O)C(CS)CCC(C)C)n1Cc1ccc(-c2ccccc2C(=O)O)cc1,6.499996931948306,6.89,556.17,active,556.1720000000004,6.891000000000008,3.0,5.0
CHEMBL4458683,CCCCc1nc(Cl)c(CNC(=O)C(CS)C(C)CC)n1Cc1ccc(-c2ccccc2C(=O)O)cc1,5.899998417198648,6.5,542.15,inactive,542.1450000000003,6.500900000000008,3.0,5.0
CHEMBL4463575,CCCCc1nc(Cl)c(CNC(=O)C(CS)CC(CC)CC)n1Cc1ccc(-c2ccccc2C(=O)O)cc1,7.400007822415902,7.28,570.2,active,570.1990000000004,7.281100000000009,3.0,5.0
CHEMBL4534876,CCCCc1nc(Cl)c(CNC(=O)C(CS)Cc2cccc3ccccc23)n1Cc1ccc(-c2ccccc2C(=O)O)cc1,6.199998172182031,7.85,626.22,active,626.2220000000003,7.850700000000009,3.0,5.0
CHEMBL4471668,CCCCc1nc(Cl)c(CNC(=O)C(CS)Cc2ccc3ccccc3c2)n1Cc1ccc(-c2ccccc2C(=O)O)cc1,6.399996913372259,7.85,626.22,active,626.2220000000003,7.850700000000009,3.0,5.0
CHEMBL4447138,CCCCc1nc(CC)c(CNC(=O)[C@@H](S)CC(C)C)n1Cc1ccc(-c2ccccc2C(=O)O)cc1,8.500038134403809,6.16,521.73,active,521.7270000000003,6.162300000000006,3.0,5.0
CHEMBL3676140,O=C(O)CCC(=O)N[C@@H](CC(=O)O)Cc1ccc(-c2cccc(F)c2)cc1,8.173925197299173,2.86,373.38,active,373.38000000000005,2.8595000000000015,3.0,3.0
CHEMBL4518025,COc1cccc(-c2ccc(C[C@H](CC(=O)O)NC(=O)CCC(=O)O)cc2)c1,7.221848749616356,2.73,385.42,active,385.41600000000017,2.729,3.0,4.0
CHEMBL4440944,CCCCc1nc(Cl)c(CNC(=O)CNC(=O)C(CS)Cc2ccccc2)n1Cc1ccc(-c2ccccc2-c2nnn[nH]2)cc1,5.899998417198648,5.3,657.24,inactive,657.2440000000001,5.295600000000004,4.0,8.0
CHEMBL4579452,CCCCc1nc(Cl)c(CNC(=O)C(CS)Cc2ccccc2)n1Cc1ccc(-c2ccccc2C(=O)O)cc1,5.100000128334196,6.7,576.16,inactive,576.1620000000004,6.697500000000008,3.0,5.0
CHEMBL4472489,CCCCc1nc(Cl)c(CNC(=O)C(CS)CC2CCCCC2)n1Cc1ccc(-c2ccccc2C(=O)O)cc1,6.199998172182031,7.43,582.21,active,582.2100000000005,7.425200000000009,3.0,5.0
CHEMBL4463203,CCCCc1nc(Cl)c(CNC(=O)[C@H](CS)CC(C)C)n1Cc1ccc(-c2ccccc2C(=O)O)cc1,7.400007822415902,6.5,542.15,active,542.1450000000003,6.500900000000008,3.0,5.0
CHEMBL3677671,C[C@@H](C[C@@H](Cc1ccc(-c2cccc(Cl)c2)cc1)NC(=O)c1cc(O)no1)C(=O)O,10.397940008672037,4.15,428.87,active,428.8720000000002,4.152500000000003,3.0,5.0
CHEMBL3221958,CC(C)C[C@H]1CC(=O)N([C@@H](CO)C(=O)O)C1=O,5.59999938302362,-0.15,243.26,inactive,243.259,-0.1468999999999998,2.0,4.0
CHEMBL4443565,O=C(O)CCC(=O)N[C@@H](CC(=O)O)Cc1ccc(-c2ccccc2OC(F)(F)F)cc1,6.673664139071248,3.62,439.39,active,439.3860000000001,3.6190000000000024,3.0,4.0
CHEMBL3677665,C[C@H](C[C@@H](Cc1ccc(-c2ccccc2)cc1)NC(=O)c1cccc(C(=O)O)c1)C(=O)O,6.548213564475709,4.5,431.49,active,431.4880000000002,4.503700000000002,3.0,3.0
CHEMBL3676144,COc1ccc(Cl)cc1-c1ccc(C[C@H](CC(=O)O)NC(=O)CCC(=O)O)cc1,9.42021640338319,3.38,419.86,active,419.86100000000016,3.3824000000000014,3.0,4.0
CHEMBL4559586,O=C(O)CCC(=O)N[C@@H](CC(=O)O)Cc1ccc(-c2ccccc2C(F)(F)F)cc1,5.863279432843593,3.74,423.39,inactive,423.38700000000006,3.739200000000002,3.0,3.0
CHEMBL4458213,O=C(O)CCC(=O)N[C@@H](CC(=O)O)Cc1ccc(-c2ccc(Cl)cc2)cc1,5.709965388637482,3.37,389.84,inactive,389.83500000000004,3.373800000000002,3.0,3.0
CHEMBL191,CCCCc1nc(Cl)c(CO)n1Cc1ccc(-c2ccccc2-c2nnn[nH]2)cc1,5.0,4.27,422.92,inactive,422.9200000000001,4.2668000000000035,2.0,6.0
CHEMBL4469350,CCCCc1nc(Cl)c(CNC(=O)[C@@H](S)CC(C)C)n1Cc1ccc(-c2ccccc2C(=O)O)cc1,9.0,6.25,528.12,active,528.1180000000004,6.2533000000000065,3.0,5.0
CHEMBL4458466,CCCCc1nc(CC(C)C)c(CNC(=O)[C@@H](S)CC(C)C)n1Cc1ccc(-c2ccccc2C(=O)O)cc1,7.700057099977233,6.8,549.78,active,549.7810000000003,6.798400000000008,3.0,5.0
CHEMBL3677673,C[C@H](C[C@@H](Cc1ccc(-c2cccc(Cl)c2)cc1)NC(=O)c1cc(C(=O)O)n[nH]1)C(=O)O,10.522878745280337,3.88,455.9,active,455.8980000000002,3.880200000000001,4.0,4.0
CHEMBL3677664,C[C@H](C[C@@H](Cc1ccc(-c2ccccc2)cc1)NC(=O)c1c[nH]c(C(=O)O)n1)C(=O)O,8.136677139879543,3.23,421.45,active,421.4530000000002,3.2268,4.0,4.0
CHEMBL4547205,O=C(O)CCC(=O)N[C@@H](CC(=O)O)Cc1ccc(-c2cccc(C(F)(F)F)c2)cc1,6.954677021213342,3.74,423.39,active,423.38700000000006,3.739200000000002,3.0,3.0
CHEMBL3221960,COC(=O)C(CC(C)C)C(=O)N[C@H](CO)C(=O)O,3.0,-0.62,261.27,inactive,261.27399999999994,-0.6165999999999991,3.0,5.0
CHEMBL4474870,CCOc1nc(CC)c(CNC(=O)[C@@H](S)CC(C)C)n1Cc1ccc(-c2ccccc2C(=O)O)c(F)c1,8.500038134403809,5.36,527.66,active,527.6620000000004,5.357500000000005,3.0,6.0
CHEMBL4471166,N#Cc1ccccc1-c1ccc(C[C@H](CC(=O)O)NC(=O)CCC(=O)O)cc1,6.101274818410507,2.59,380.4,active,380.40000000000015,2.59208,3.0,4.0
CHEMBL4448802,O=C(O)CCC(=O)N[C@@H](CC(=O)O)Cc1ccc(-c2cccc(OC(F)(F)F)c2)cc1,6.560667306169737,3.62,439.39,active,439.3860000000001,3.6190000000000024,3.0,4.0
CHEMBL3221954,COC(=O)[C@H](CC(=O)N[C@@H](CO)C(=O)O)CC(C)C,4.100000018985305,-0.23,275.3,inactive,275.30100000000004,-0.22649999999999948,3.0,5.0
CHEMBL4434901,O=C(O)CCC(=O)N[C@@H](CC(=O)O)Cc1ccc(-c2ccccc2F)cc1,7.619788758288394,2.86,373.38,active,373.38000000000005,2.8595000000000015,3.0,3.0
CHEMBL4550194,CC(=O)Nc1cccc(-c2ccc(C[C@H](CC(=O)O)NC(=O)CCC(=O)O)cc2)c1,5.313185045492683,2.68,412.44,inactive,412.4420000000001,2.6788000000000007,4.0,4.0
CHEMBL50582,C[C@H](NC(=O)[C@@H](CS)Cc1ccccc1)C(=O)N1c2ccccc2C[C@H]1C(=O)O,8.585026652029182,2.32,412.51,active,412.51100000000014,2.3223000000000003,3.0,4.0
CHEMBL49920,C[C@H](NC(=O)[C@@H](CS)Cc1ccccc1)C(=O)N1Cc2ccccc2C[C@H]1C(=O)O,8.4089353929735,2.32,426.54,active,426.5380000000002,2.3179,3.0,4.0
